date,stage_code,event_code,event_name,event_stage,stage,stage_status,gender,discipline_name,discipline_code,venue,participant_code,participant_name,participant_type,participant_country_code,participant_country,rank,result,result_type,result_diff,qualification_mark,start_order,bib
2024-08-06T10:41:46+02:00,CSPMC2-500M-----------HEAT000100--,CSPMC2-500M,Men's Canoe Double 500m,Men's Canoe Double 500m Heat 1,Heat 1,FINISHED,M,Canoe Sprint,CSP,Nautical St - Flat water,CSPMC2-500M-AIN01,PETROV Zakhar / KOROVASHKOV Alexey,Team,AIN,AIN,1.0,1:38.65,TIME,,SF,8,
2024-08-06T10:41:46+02:00,CSPMC2-500M-----------HEAT000100--,CSPMC2-500M,Men's Canoe Double 500m,Men's Canoe Double 500m Heat 1,Heat 1,FINISHED,M,Canoe Sprint,CSP,Nautical St - Flat water,CSPMC2-500M-ITA01,CASADEI Gabriele / TACCHINI Carlo,Team,ITA,Italy,2.0,1:39.17,TIME,+0.52,SF,4,
2024-08-06T10:41:46+02:00,CSPMC2-500M-----------HEAT000100--,CSPMC2-500M,Men's Canoe Double 500m,Men's Canoe Double 500m Heat 1,Heat 1,FINISHED,M,Canoe Sprint,CSP,Nautical St - Flat water,CSPMC2-500M-BRA01,NASCIMENTO GODMANN Jacky Jamael / GUIMARAES QUEIROZ Isaquias,Team,BRA,Brazil,3.0,1:39.38,TIME,+0.73,QF,3,
2024-08-06T10:41:46+02:00,CSPMC2-500M-----------HEAT000100--,CSPMC2-500M,Men's Canoe Double 500m,Men's Canoe Double 500m Heat 1,Heat 1,FINISHED,M,Canoe Sprint,CSP,Nautical St - Flat water,CSPMC2-500M-HUN01,ADOLF Balazs / HAJDU Jonatan Daniel,Team,HUN,Hungary,4.0,1:40.02,TIME,+1.37,QF,5,
2024-08-06T10:41:46+02:00,CSPMC2-500M-----------HEAT000100--,CSPMC2-500M,Men's Canoe Double 500m,Men's Canoe Double 500m Heat 1,Heat 1,FINISHED,M,Canoe Sprint,CSP,Nautical St - Flat water,CSPMC2-500M-ROU01,SPRINCEAN Ilie / NUTA Oleg,Team,ROU,Romania,5.0,1:40.84,TIME,+2.19,QF,7,
2024-08-06T10:41:46+02:00,CSPMC2-500M-----------HEAT000100--,CSPMC2-500M,Men's Canoe Double 500m,Men's Canoe Double 500m Heat 1,Heat 1,FINISHED,M,Canoe Sprint,CSP,Nautical St - Flat water,CSPMC2-500M-GER01,KRETSCHMER Peter / HECKER Tim,Team,GER,Germany,6.0,1:41.58,TIME,+2.93,QF,6,
2024-08-06T10:41:46+02:00,CSPMC2-500M-----------HEAT000100--,CSPMC2-500M,Men's Canoe Double 500m,Men's Canoe Double 500m Heat 1,Heat 1,FINISHED,M,Canoe Sprint,CSP,Nautical St - Flat water,CSPMC2-500M-NZL01,BROWN Max / CLANCY Grant,Team,NZL,New Zealand,7.0,2:22.09,TIME,+43.44,QF,2,
2024-08-06T10:47:17+02:00,CSPMC2-500M-----------HEAT000200--,CSPMC2-500M,Men's Canoe Double 500m,Men's Canoe Double 500m Heat 2,Heat 2,FINISHED,M,Canoe Sprint,CSP,Nautical St - Flat water,CSPMC2-500M-CHN01,LIU Hao / JI Bowen,Team,CHN,China,1.0,1:37.40,TIME,,SF,5,
2024-08-06T10:47:17+02:00,CSPMC2-500M-----------HEAT000200--,CSPMC2-500M,Men's Canoe Double 500m,Men's Canoe Double 500m Heat 2,Heat 2,FINISHED,M,Canoe Sprint,CSP,Nautical St - Flat water,CSPMC2-500M-ESP01,MORENO Joan Antoni / DOMINGUEZ Diego,Team,ESP,Spain,2.0,1:37.78,TIME,+0.38,SF,6,
2024-08-06T10:47:17+02:00,CSPMC2-500M-----------HEAT000200--,CSPMC2-500M,Men's Canoe Double 500m,Men's Canoe Double 500m Heat 2,Heat 2,FINISHED,M,Canoe Sprint,CSP,Nautical St - Flat water,CSPMC2-500M-CZE01,FUKSA Petr / FUKSA Martin,Team,CZE,Czechia,3.0,1:41.49,TIME,+4.09,QF,4,
2024-08-06T10:47:17+02:00,CSPMC2-500M-----------HEAT000200--,CSPMC2-500M,Men's Canoe Double 500m,Men's Canoe Double 500m Heat 2,Heat 2,FINISHED,M,Canoe Sprint,CSP,Nautical St - Flat water,CSPMC2-500M-FRA01,LEONARD Loic / BART Adrien,Team,FRA,France,4.0,1:44.00,TIME,+6.60,QF,3,
2024-08-06T10:47:17+02:00,CSPMC2-500M-----------HEAT000200--,CSPMC2-500M,Men's Canoe Double 500m,Men's Canoe Double 500m Heat 2,Heat 2,FINISHED,M,Canoe Sprint,CSP,Nautical St - Flat water,CSPMC2-500M-KAZ01,YEMELYANOV Sergey / KHAIDAROV Timur,Team,KAZ,Kazakhstan,5.0,1:45.94,TIME,+8.54,QF,7,
2024-08-06T10:47:17+02:00,CSPMC2-500M-----------HEAT000200--,CSPMC2-500M,Men's Canoe Double 500m,Men's Canoe Double 500m Heat 2,Heat 2,FINISHED,M,Canoe Sprint,CSP,Nautical St - Flat water,CSPMC2-500M-ANG01,ANTONIO Manuel / SANDA Benilson,Team,ANG,Angola,6.0,1:51.53,TIME,+14.13,QF,2,
2024-08-06T13:59:53+02:00,CSPMC2-500M-----------QFNL000100--,CSPMC2-500M,Men's Canoe Double 500m,Men's Canoe Double 500m Quarterfinal 1,Quarterfinal 1,FINISHED,M,Canoe Sprint,CSP,Nautical St - Flat water,CSPMC2-500M-BRA01,NASCIMENTO GODMANN Jacky Jamael / GUIMARAES QUEIROZ Isaquias,Team,BRA,Brazil,1.0,1:38.78,TIME,,SF,5,
2024-08-06T13:59:53+02:00,CSPMC2-500M-----------QFNL000100--,CSPMC2-500M,Men's Canoe Double 500m,Men's Canoe Double 500m Quarterfinal 1,Quarterfinal 1,FINISHED,M,Canoe Sprint,CSP,Nautical St - Flat water,CSPMC2-500M-ROU01,SPRINCEAN Ilie / NUTA Oleg,Team,ROU,Romania,2.0,1:40.00,TIME,+1.22,SF,3,
2024-08-06T13:59:53+02:00,CSPMC2-500M-----------QFNL000100--,CSPMC2-500M,Men's Canoe Double 500m,Men's Canoe Double 500m Quarterfinal 1,Quarterfinal 1,FINISHED,M,Canoe Sprint,CSP,Nautical St - Flat water,CSPMC2-500M-FRA01,LEONARD Loic / BART Adrien,Team,FRA,France,3.0,1:45.24,TIME,+6.46,SF,4,
2024-08-06T13:59:53+02:00,CSPMC2-500M-----------QFNL000100--,CSPMC2-500M,Men's Canoe Double 500m,Men's Canoe Double 500m Quarterfinal 1,Quarterfinal 1,FINISHED,M,Canoe Sprint,CSP,Nautical St - Flat water,CSPMC2-500M-ANG01,ANTONIO Manuel / SANDA Benilson,Team,ANG,Angola,4.0,1:49.00,TIME,+10.22,FB,6,
2024-08-06T13:59:53+02:00,CSPMC2-500M-----------QFNL000100--,CSPMC2-500M,Men's Canoe Double 500m,Men's Canoe Double 500m Quarterfinal 1,Quarterfinal 1,FINISHED,M,Canoe Sprint,CSP,Nautical St - Flat water,CSPMC2-500M-NZL01,BROWN Max / CLANCY Grant,Team,NZL,New Zealand,5.0,2:24.09,TIME,+45.31,FB,2,
2024-08-06T14:07:02+02:00,CSPMC2-500M-----------QFNL000200--,CSPMC2-500M,Men's Canoe Double 500m,Men's Canoe Double 500m Quarterfinal 2,Quarterfinal 2,FINISHED,M,Canoe Sprint,CSP,Nautical St - Flat water,CSPMC2-500M-GER01,KRETSCHMER Peter / HECKER Tim,Team,GER,Germany,1.0,1:39.94,TIME,,SF,6,
2024-08-06T14:07:02+02:00,CSPMC2-500M-----------QFNL000200--,CSPMC2-500M,Men's Canoe Double 500m,Men's Canoe Double 500m Quarterfinal 2,Quarterfinal 2,FINISHED,M,Canoe Sprint,CSP,Nautical St - Flat water,CSPMC2-500M-HUN01,ADOLF Balazs / HAJDU Jonatan Daniel,Team,HUN,Hungary,2.0,1:40.95,TIME,+1.01,SF,4,
2024-08-06T14:07:02+02:00,CSPMC2-500M-----------QFNL000200--,CSPMC2-500M,Men's Canoe Double 500m,Men's Canoe Double 500m Quarterfinal 2,Quarterfinal 2,FINISHED,M,Canoe Sprint,CSP,Nautical St - Flat water,CSPMC2-500M-CZE01,FUKSA Petr / FUKSA Martin,Team,CZE,Czechia,3.0,1:41.02,TIME,+1.08,SF,5,
2024-08-06T14:07:02+02:00,CSPMC2-500M-----------QFNL000200--,CSPMC2-500M,Men's Canoe Double 500m,Men's Canoe Double 500m Quarterfinal 2,Quarterfinal 2,FINISHED,M,Canoe Sprint,CSP,Nautical St - Flat water,CSPMC2-500M-KAZ01,YEMELYANOV Sergey / KHAIDAROV Timur,Team,KAZ,Kazakhstan,4.0,1:44.03,TIME,+4.09,FB,3,
2024-08-07T12:03:52+02:00,CSPMC1-1000M----------HEAT000200--,CSPMC1-1000M,Men's Canoe Single 1000m,Men's Canoe Single 1000m Heat 2,Heat 2,FINISHED,M,Canoe Sprint,CSP,Nautical St - Flat water,1878716,FUKSA Martin,Person,CZE,Czechia,1.0,3:50.39,TIME,,SF,5,73
2024-08-07T12:03:52+02:00,CSPMC1-1000M----------HEAT000200--,CSPMC1-1000M,Men's Canoe Single 1000m,Men's Canoe Single 1000m Heat 2,Heat 2,FINISHED,M,Canoe Sprint,CSP,Nautical St - Flat water,1952595,QUEIROZ Isaquias,Person,BRA,Brazil,2.0,3:53.94,TIME,+3.55,SF,4,26
2024-08-07T12:03:52+02:00,CSPMC1-1000M----------HEAT000200--,CSPMC1-1000M,Men's Canoe Single 1000m,Men's Canoe Single 1000m Heat 2,Heat 2,FINISHED,M,Canoe Sprint,CSP,Nautical St - Flat water,1894554,JORGE ENRIQUEZ Fernando Dayan,Person,EOR,EOR,3.0,3:54.90,TIME,+4.51,QF,3,88
2024-08-07T12:03:52+02:00,CSPMC1-1000M----------HEAT000200--,CSPMC1-1000M,Men's Canoe Single 1000m,Men's Canoe Single 1000m Heat 2,Heat 2,FINISHED,M,Canoe Sprint,CSP,Nautical St - Flat water,1568740,FEJES Daniel,Person,HUN,Hungary,4.0,3:56.00,TIME,+5.61,QF,7,137
2024-08-07T12:03:52+02:00,CSPMC1-1000M----------HEAT000200--,CSPMC1-1000M,Men's Canoe Single 1000m,Men's Canoe Single 1000m Heat 2,Heat 2,FINISHED,M,Canoe Sprint,CSP,Nautical St - Flat water,1953993,CRESPO Pablo,Person,ESP,Spain,5.0,4:05.05,TIME,+14.66,QF,6,93
2024-08-07T12:03:52+02:00,CSPMC1-1000M----------HEAT000100--,CSPMC1-1000M,Men's Canoe Single 1000m,Men's Canoe Single 1000m Heat 1,Heat 1,FINISHED,M,Canoe Sprint,CSP,Nautical St - Flat water,1942568,GLAZUNOW Wiktor,Person,POL,Poland,1.0,3:48.40,TIME,,SF,5,224
2024-08-07T12:03:52+02:00,CSPMC1-1000M----------HEAT000100--,CSPMC1-1000M,Men's Canoe Single 1000m,Men's Canoe Single 1000m Heat 1,Heat 1,FINISHED,M,Canoe Sprint,CSP,Nautical St - Flat water,1979110,PETROV Zakhar,Person,AIN,AIN,2.0,3:49.86,TIME,+1.46,SF,6,3
2024-08-07T12:03:52+02:00,CSPMC1-1000M----------HEAT000100--,CSPMC1-1000M,Men's Canoe Single 1000m,Men's Canoe Single 1000m Heat 1,Heat 1,FINISHED,M,Canoe Sprint,CSP,Nautical St - Flat water,1564511,PELIER CORDOVA Jose Ramon,Person,CUB,Cuba,3.0,3:52.17,TIME,+3.77,QF,4,69
2024-08-07T12:03:52+02:00,CSPMC1-1000M----------HEAT000100--,CSPMC1-1000M,Men's Canoe Single 1000m,Men's Canoe Single 1000m Heat 1,Heat 1,FINISHED,M,Canoe Sprint,CSP,Nautical St - Flat water,1550974,CRACIUN Nicolae,Person,ITA,Italy,4.0,3:53.90,TIME,+5.50,QF,3,182
2024-08-07T12:03:52+02:00,CSPMC1-1000M----------HEAT000100--,CSPMC1-1000M,Men's Canoe Single 1000m,Men's Canoe Single 1000m Heat 1,Heat 1,FINISHED,M,Canoe Sprint,CSP,Nautical St - Flat water,1927392,JI Bowen,Person,CHN,China,5.0,4:02.85,TIME,+14.45,QF,7,53
2024-08-07T12:09:37+02:00,CSPMC1-1000M----------HEAT000300--,CSPMC1-1000M,Men's Canoe Single 1000m,Men's Canoe Single 1000m Heat 3,Heat 3,FINISHED,M,Canoe Sprint,CSP,Nautical St - Flat water,1541568,CHIRILA Catalin,Person,ROU,Romania,1.0,3:44.75,TIME,,SF,4,241
2024-08-07T12:09:37+02:00,CSPMC1-1000M----------HEAT000300--,CSPMC1-1000M,Men's Canoe Single 1000m,Men's Canoe Single 1000m Heat 3,Heat 3,FINISHED,M,Canoe Sprint,CSP,Nautical St - Flat water,1880456,BART Adrien,Person,FRA,France,2.0,3:46.93,TIME,+2.18,SF,5,107
2024-08-07T12:09:37+02:00,CSPMC1-1000M----------HEAT000300--,CSPMC1-1000M,Men's Canoe Single 1000m,Men's Canoe Single 1000m Heat 3,Heat 3,FINISHED,M,Canoe Sprint,CSP,Nautical St - Flat water,1548868,TACCHINI Carlo,Person,ITA,Italy,3.0,3:59.59,TIME,+14.84,QF,7,183
2024-08-07T12:09:37+02:00,CSPMC1-1000M----------HEAT000300--,CSPMC1-1000M,Men's Canoe Single 1000m,Men's Canoe Single 1000m Heat 3,Heat 3,FINISHED,M,Canoe Sprint,CSP,Nautical St - Flat water,1935421,YEMELYANOV Sergey,Person,KAZ,Kazakhstan,4.0,4:05.31,TIME,+20.56,QF,3,189
2024-08-07T12:09:37+02:00,CSPMC1-1000M----------HEAT000300--,CSPMC1-1000M,Men's Canoe Single 1000m,Men's Canoe Single 1000m Heat 3,Heat 3,FINISHED,M,Canoe Sprint,CSP,Nautical St - Flat water,1897168,ALTUKHOV Pavlo,Person,UKR,Ukraine,5.0,4:11.32,TIME,+26.57,QF,6,270
2024-08-07T12:23:27+02:00,CSPMC1-1000M----------HEAT000400--,CSPMC1-1000M,Men's Canoe Single 1000m,Men's Canoe Single 1000m Heat 4,Heat 4,FINISHED,M,Canoe Sprint,CSP,Nautical St - Flat water,1550295,TARNOVSCHI Serghei,Person,MDA,Republic of Moldova,1.0,3:49.27,TIME,,SF,4,198
2024-08-07T12:23:27+02:00,CSPMC1-1000M----------HEAT000400--,CSPMC1-1000M,Men's Canoe Single 1000m,Men's Canoe Single 1000m Heat 4,Heat 4,FINISHED,M,Canoe Sprint,CSP,Nautical St - Flat water,1964565,FITZPATRICK Connor,Person,CAN,Canada,2.0,3:50.79,TIME,+1.52,SF,5,34
2024-08-07T12:23:27+02:00,CSPMC1-1000M----------HEAT000400--,CSPMC1-1000M,Men's Canoe Single 1000m,Men's Canoe Single 1000m Heat 4,Heat 4,FINISHED,M,Canoe Sprint,CSP,Nautical St - Flat water,1952598,NUNES BASTOS dos SANTOS Mateus,Person,BRA,Brazil,3.0,3:52.60,TIME,+3.33,QF,7,28
2024-08-07T12:23:27+02:00,CSPMC1-1000M----------HEAT000400--,CSPMC1-1000M,Men's Canoe Single 1000m,Men's Canoe Single 1000m Heat 4,Heat 4,FINISHED,M,Canoe Sprint,CSP,Nautical St - Flat water,1545501,LAI Kuan-Chieh,Person,TPE,Chinese Taipei,4.0,4:01.26,TIME,+11.99,QF,3,268
2024-08-07T12:23:27+02:00,CSPMC1-1000M----------HEAT000400--,CSPMC1-1000M,Men's Canoe Single 1000m,Men's Canoe Single 1000m Heat 4,Heat 4,FINISHED,M,Canoe Sprint,CSP,Nautical St - Flat water,1921205,KHATTALI Ghailene,Person,TUN,Tunisia,5.0,4:23.05,TIME,+33.78,QF,6,269
2024-08-07T12:28:46+02:00,CSPMC1-1000M----------HEAT000500--,CSPMC1-1000M,Men's Canoe Single 1000m,Men's Canoe Single 1000m Heat 5,Heat 5,FINISHED,M,Canoe Sprint,CSP,Nautical St - Flat water,1913734,BRENDEL Sebastian,Person,GER,Germany,1.0,3:45.48,TIME,,SF,5,115
2024-08-07T12:28:46+02:00,CSPMC1-1000M----------HEAT000500--,CSPMC1-1000M,Men's Canoe Single 1000m,Men's Canoe Single 1000m Heat 5,Heat 5,FINISHED,M,Canoe Sprint,CSP,Nautical St - Flat water,1927393,LIU Hao,Person,CHN,China,2.0,3:45.85,TIME,+0.37,SF,7,54
2024-08-07T12:28:46+02:00,CSPMC1-1000M----------HEAT000500--,CSPMC1-1000M,Men's Canoe Single 1000m,Men's Canoe Single 1000m Heat 5,Heat 5,FINISHED,M,Canoe Sprint,CSP,Nautical St - Flat water,1568239,ADOLF Balazs,Person,HUN,Hungary,3.0,3:48.21,TIME,+2.73,QF,4,135
2024-08-07T12:28:46+02:00,CSPMC1-1000M----------HEAT000500--,CSPMC1-1000M,Men's Canoe Single 1000m,Men's Canoe Single 1000m Heat 5,Heat 5,FINISHED,M,Canoe Sprint,CSP,Nautical St - Flat water,1537312,REZAEI Mohammad Nabi,Person,IRI,IR Iran,4.0,4:10.36,TIME,+24.88,QF,6,180
2024-08-07T12:28:46+02:00,CSPMC1-1000M----------HEAT000500--,CSPMC1-1000M,Men's Canoe Single 1000m,Men's Canoe Single 1000m Heat 5,Heat 5,FINISHED,M,Canoe Sprint,CSP,Nautical St - Flat water,1896963,SANDA Benilson,Person,ANG,Angola,5.0,4:11.40,TIME,+25.92,QF,3,7
2024-08-07T14:53:17+02:00,CSPMC1-1000M----------QFNL000100--,CSPMC1-1000M,Men's Canoe Single 1000m,Men's Canoe Single 1000m Quarterfinal 1,Quarterfinal 1,FINISHED,M,Canoe Sprint,CSP,Nautical St - Flat water,1568740,FEJES Daniel,Person,HUN,Hungary,1.0,3:47.88,TIME,,SF,6,137
2024-08-07T14:53:17+02:00,CSPMC1-1000M----------QFNL000100--,CSPMC1-1000M,Men's Canoe Single 1000m,Men's Canoe Single 1000m Quarterfinal 1,Quarterfinal 1,FINISHED,M,Canoe Sprint,CSP,Nautical St - Flat water,1564511,PELIER CORDOVA Jose Ramon,Person,CUB,Cuba,2.0,3:49.41,TIME,+1.53,SF,5,69
2024-08-07T14:53:17+02:00,CSPMC1-1000M----------QFNL000100--,CSPMC1-1000M,Men's Canoe Single 1000m,Men's Canoe Single 1000m Quarterfinal 1,Quarterfinal 1,FINISHED,M,Canoe Sprint,CSP,Nautical St - Flat water,1897168,ALTUKHOV Pavlo,Person,UKR,Ukraine,3.0,3:51.58,TIME,+3.70,X,7,270
2024-08-07T14:53:17+02:00,CSPMC1-1000M----------QFNL000100--,CSPMC1-1000M,Men's Canoe Single 1000m,Men's Canoe Single 1000m Quarterfinal 1,Quarterfinal 1,FINISHED,M,Canoe Sprint,CSP,Nautical St - Flat water,1537312,REZAEI Mohammad Nabi,Person,IRI,IR Iran,4.0,3:52.41,TIME,+4.53,X,3,180
2024-08-07T14:53:17+02:00,CSPMC1-1000M----------QFNL000100--,CSPMC1-1000M,Men's Canoe Single 1000m,Men's Canoe Single 1000m Quarterfinal 1,Quarterfinal 1,FINISHED,M,Canoe Sprint,CSP,Nautical St - Flat water,1952598,NUNES BASTOS dos SANTOS Mateus,Person,BRA,Brazil,5.0,4:08.50,TIME,+20.62,X,4,28
2024-08-07T15:03:27+02:00,CSPMC1-1000M----------QFNL000200--,CSPMC1-1000M,Men's Canoe Single 1000m,Men's Canoe Single 1000m Quarterfinal 2,Quarterfinal 2,FINISHED,M,Canoe Sprint,CSP,Nautical St - Flat water,1548868,TACCHINI Carlo,Person,ITA,Italy,1.0,3:49.15,TIME,,SF,5,183
2024-08-07T15:03:27+02:00,CSPMC1-1000M----------QFNL000200--,CSPMC1-1000M,Men's Canoe Single 1000m,Men's Canoe Single 1000m Quarterfinal 2,Quarterfinal 2,FINISHED,M,Canoe Sprint,CSP,Nautical St - Flat water,1953993,CRESPO Pablo,Person,ESP,Spain,2.0,3:50.24,TIME,+1.09,SF,3,93
2024-08-07T15:03:27+02:00,CSPMC1-1000M----------QFNL000200--,CSPMC1-1000M,Men's Canoe Single 1000m,Men's Canoe Single 1000m Quarterfinal 2,Quarterfinal 2,FINISHED,M,Canoe Sprint,CSP,Nautical St - Flat water,1550974,CRACIUN Nicolae,Person,ITA,Italy,3.0,3:53.13,TIME,+3.98,X,4,182
2024-08-07T15:03:27+02:00,CSPMC1-1000M----------QFNL000200--,CSPMC1-1000M,Men's Canoe Single 1000m,Men's Canoe Single 1000m Quarterfinal 2,Quarterfinal 2,FINISHED,M,Canoe Sprint,CSP,Nautical St - Flat water,1545501,LAI Kuan-Chieh,Person,TPE,Chinese Taipei,4.0,3:58.79,TIME,+9.64,X,6,268
2024-08-07T15:03:27+02:00,CSPMC1-1000M----------QFNL000200--,CSPMC1-1000M,Men's Canoe Single 1000m,Men's Canoe Single 1000m Quarterfinal 2,Quarterfinal 2,FINISHED,M,Canoe Sprint,CSP,Nautical St - Flat water,1896963,SANDA Benilson,Person,ANG,Angola,5.0,4:12.73,TIME,+23.58,X,7,7
2024-08-07T15:12:52+02:00,CSPMC1-1000M----------QFNL000300--,CSPMC1-1000M,Men's Canoe Single 1000m,Men's Canoe Single 1000m Quarterfinal 3,Quarterfinal 3,FINISHED,M,Canoe Sprint,CSP,Nautical St - Flat water,1568239,ADOLF Balazs,Person,HUN,Hungary,1.0,3:53.65,TIME,,SF,5,135
2024-08-07T15:12:52+02:00,CSPMC1-1000M----------QFNL000300--,CSPMC1-1000M,Men's Canoe Single 1000m,Men's Canoe Single 1000m Quarterfinal 3,Quarterfinal 3,FINISHED,M,Canoe Sprint,CSP,Nautical St - Flat water,1927392,JI Bowen,Person,CHN,China,2.0,3:56.36,TIME,+2.71,SF,3,53
2024-08-07T15:12:52+02:00,CSPMC1-1000M----------QFNL000300--,CSPMC1-1000M,Men's Canoe Single 1000m,Men's Canoe Single 1000m Quarterfinal 3,Quarterfinal 3,FINISHED,M,Canoe Sprint,CSP,Nautical St - Flat water,1935421,YEMELYANOV Sergey,Person,KAZ,Kazakhstan,3.0,3:59.68,TIME,+6.03,X,6,189
2024-08-07T15:12:52+02:00,CSPMC1-1000M----------QFNL000300--,CSPMC1-1000M,Men's Canoe Single 1000m,Men's Canoe Single 1000m Quarterfinal 3,Quarterfinal 3,FINISHED,M,Canoe Sprint,CSP,Nautical St - Flat water,1894554,JORGE ENRIQUEZ Fernando Dayan,Person,EOR,EOR,4.0,4:06.63,TIME,+12.98,X,4,88
2024-08-07T15:12:52+02:00,CSPMC1-1000M----------QFNL000300--,CSPMC1-1000M,Men's Canoe Single 1000m,Men's Canoe Single 1000m Quarterfinal 3,Quarterfinal 3,FINISHED,M,Canoe Sprint,CSP,Nautical St - Flat water,1921205,KHATTALI Ghailene,Person,TUN,Tunisia,5.0,4:28.44,TIME,+34.79,X,7,269
2024-08-06T11:37:53+02:00,CSPMK2-500M-----------HEAT000100--,CSPMK2-500M,Men's Kayak Double 500m,Men's Kayak Double 500m Heat 1,Heat 1,FINISHED,M,Canoe Sprint,CSP,Nautical St - Flat water,CSPMK2-500M-GER01,SCHOPF Jacob / LEMKE Max,Team,GER,Germany,1.0,1:28.03,TIME,,SF,5,
2024-08-06T11:37:53+02:00,CSPMK2-500M-----------HEAT000100--,CSPMK2-500M,Men's Kayak Double 500m,Men's Kayak Double 500m Heat 1,Heat 1,FINISHED,M,Canoe Sprint,CSP,Nautical St - Flat water,CSPMK2-500M-POR01,RIBEIRO Joao / BAPTISTA Messias,Team,POR,Portugal,2.0,1:28.10,TIME,+0.07,SF,4,
2024-08-06T11:37:53+02:00,CSPMK2-500M-----------HEAT000100--,CSPMK2-500M,Men's Kayak Double 500m,Men's Kayak Double 500m Heat 1,Heat 1,FINISHED,M,Canoe Sprint,CSP,Nautical St - Flat water,CSPMK2-500M-ESP02,del RIO Adrian / COOPER Marcus,Team,ESP,Spain,3.0,1:35.26,TIME,+7.23,QF,7,
2024-08-06T11:37:53+02:00,CSPMK2-500M-----------HEAT000100--,CSPMK2-500M,Men's Kayak Double 500m,Men's Kayak Double 500m Heat 1,Heat 1,FINISHED,M,Canoe Sprint,CSP,Nautical St - Flat water,CSPMK2-500M-CHN01,BU Tingkai / ZHANG Dong,Team,CHN,China,4.0,1:36.79,TIME,+8.76,QF,6,
2024-08-06T11:37:53+02:00,CSPMK2-500M-----------HEAT000100--,CSPMK2-500M,Men's Kayak Double 500m,Men's Kayak Double 500m Heat 1,Heat 1,FINISHED,M,Canoe Sprint,CSP,Nautical St - Flat water,CSPMK2-500M-NZL01,LEGARTH Hamish / IMRIE Kurtis,Team,NZL,New Zealand,5.0,1:41.18,TIME,+13.15,QF,3,
2024-08-06T11:46:35+02:00,CSPMK2-500M-----------HEAT000200--,CSPMK2-500M,Men's Kayak Double 500m,Men's Kayak Double 500m Heat 2,Heat 2,FINISHED,M,Canoe Sprint,CSP,Nautical St - Flat water,CSPMK2-500M-GER02,RENDSCHMIDT Max / LIEBSCHER-LUCZ Tom,Team,GER,Germany,1.0,1:28.39,TIME,,SF,7,
2024-08-06T11:46:35+02:00,CSPMK2-500M-----------HEAT000200--,CSPMK2-500M,Men's Kayak Double 500m,Men's Kayak Double 500m Heat 2,Heat 2,FINISHED,M,Canoe Sprint,CSP,Nautical St - Flat water,CSPMK2-500M-HUN01,NADAS Bence / TOTKA Sandor,Team,HUN,Hungary,2.0,1:29.08,TIME,+0.69,SF,5,
2024-08-06T11:46:35+02:00,CSPMK2-500M-----------HEAT000200--,CSPMK2-500M,Men's Kayak Double 500m,Men's Kayak Double 500m Heat 2,Heat 2,FINISHED,M,Canoe Sprint,CSP,Nautical St - Flat water,CSPMK2-500M-UKR01,KUKHARYK Oleh / TRUNOV Ihor,Team,UKR,Ukraine,3.0,1:31.24,TIME,+2.85,QF,3,
2024-08-06T11:46:35+02:00,CSPMK2-500M-----------HEAT000200--,CSPMK2-500M,Men's Kayak Double 500m,Men's Kayak Double 500m Heat 2,Heat 2,FINISHED,M,Canoe Sprint,CSP,Nautical St - Flat water,CSPMK2-500M-LTU01,MALDONIS Mindaugas / OLIJNIK Andrej,Team,LTU,Lithuania,4.0,1:31.27,TIME,+2.88,QF,4,
2024-08-06T11:46:35+02:00,CSPMK2-500M-----------HEAT000200--,CSPMK2-500M,Men's Kayak Double 500m,Men's Kayak Double 500m Heat 2,Heat 2,FINISHED,M,Canoe Sprint,CSP,Nautical St - Flat water,CSPMK2-500M-USA01,ECKER Jonas / SMALL Aaron,Team,USA,United States,5.0,1:32.01,TIME,+3.62,QF,6,
2024-08-06T11:57:16+02:00,CSPMK2-500M-----------HEAT000300--,CSPMK2-500M,Men's Kayak Double 500m,Men's Kayak Double 500m Heat 3,Heat 3,FINISHED,M,Canoe Sprint,CSP,Nautical St - Flat water,CSPMK2-500M-POL01,STEPUN Jakub / KORSAK Przemyslaw,Team,POL,Poland,1.0,1:28.84,TIME,,SF,4,
2024-08-06T11:57:16+02:00,CSPMK2-500M-----------HEAT000300--,CSPMK2-500M,Men's Kayak Double 500m,Men's Kayak Double 500m Heat 3,Heat 3,FINISHED,M,Canoe Sprint,CSP,Nautical St - Flat water,CSPMK2-500M-ESP01,AREVALO Carlos / GERMADE Rodrigo,Team,ESP,Spain,2.0,1:28.85,TIME,+0.01,SF,5,
2024-08-06T11:57:16+02:00,CSPMK2-500M-----------HEAT000300--,CSPMK2-500M,Men's Kayak Double 500m,Men's Kayak Double 500m Heat 3,Heat 3,FINISHED,M,Canoe Sprint,CSP,Nautical St - Flat water,CSPMK2-500M-CAN01,POULIN Pierre-Luc / McTAVISH Simon,Team,CAN,Canada,3.0,1:28.91,TIME,+0.07,QF,6,
2024-08-06T11:57:16+02:00,CSPMK2-500M-----------HEAT000300--,CSPMK2-500M,Men's Kayak Double 500m,Men's Kayak Double 500m Heat 3,Heat 3,FINISHED,M,Canoe Sprint,CSP,Nautical St - Flat water,CSPMK2-500M-SRB02,NOVAKOVIC Marko / DRAGOSAVLJEVIC Marko,Team,SRB,Serbia,4.0,1:30.71,TIME,+1.87,QF,7,
2024-08-06T11:57:16+02:00,CSPMK2-500M-----------HEAT000300--,CSPMK2-500M,Men's Kayak Double 500m,Men's Kayak Double 500m Heat 3,Heat 3,FINISHED,M,Canoe Sprint,CSP,Nautical St - Flat water,CSPMK2-500M-KAZ01,RAMATULLA Bekarys / TOKARNYTSKYI Sergii,Team,KAZ,Kazakhstan,5.0,1:38.62,TIME,+9.78,QF,3,
2024-08-06T12:08:40+02:00,CSPMK2-500M-----------HEAT000400--,CSPMK2-500M,Men's Kayak Double 500m,Men's Kayak Double 500m Heat 4,Heat 4,FINISHED,M,Canoe Sprint,CSP,Nautical St - Flat water,CSPMK2-500M-AUS01,van der WESTHUYZEN Jean / GREEN Tom,Team,AUS,Australia,1.0,1:28.59,TIME,,SF,4,
2024-08-06T12:08:40+02:00,CSPMK2-500M-----------HEAT000400--,CSPMK2-500M,Men's Kayak Double 500m,Men's Kayak Double 500m Heat 4,Heat 4,FINISHED,M,Canoe Sprint,CSP,Nautical St - Flat water,CSPMK2-500M-HUN02,KOPASZ Balint / VARGA Adam,Team,HUN,Hungary,2.0,1:29.37,TIME,+0.78,SF,7,
2024-08-06T12:08:40+02:00,CSPMK2-500M-----------HEAT000400--,CSPMK2-500M,Men's Kayak Double 500m,Men's Kayak Double 500m Heat 4,Heat 4,FINISHED,M,Canoe Sprint,CSP,Nautical St - Flat water,CSPMK2-500M-CZE01,SPICAR Jakub / HAVEL Daniel,Team,CZE,Czechia,3.0,1:29.73,TIME,+1.14,QF,5,
2024-08-06T12:08:40+02:00,CSPMK2-500M-----------HEAT000400--,CSPMK2-500M,Men's Kayak Double 500m,Men's Kayak Double 500m Heat 4,Heat 4,FINISHED,M,Canoe Sprint,CSP,Nautical St - Flat water,CSPMK2-500M-RSA01,LOVEMORE Hamish / BIRKETT Andrew James,Team,RSA,South Africa,4.0,1:33.25,TIME,+4.66,QF,3,
2024-08-06T12:08:40+02:00,CSPMK2-500M-----------HEAT000400--,CSPMK2-500M,Men's Kayak Double 500m,Men's Kayak Double 500m Heat 4,Heat 4,FINISHED,M,Canoe Sprint,CSP,Nautical St - Flat water,CSPMK2-500M-SRB01,DZOMBETA Andjelo / TORUBAROV Vladimir,Team,SRB,Serbia,5.0,1:34.22,TIME,+5.63,QF,6,
2024-08-06T14:43:36+02:00,CSPMK2-500M-----------QFNL000100--,CSPMK2-500M,Men's Kayak Double 500m,Men's Kayak Double 500m Quarterfinal 1,Quarterfinal 1,FINISHED,M,Canoe Sprint,CSP,Nautical St - Flat water,CSPMK2-500M-ESP02,del RIO Adrian / COOPER Marcus,Team,ESP,Spain,1.0,1:29.12,TIME,,SF,5,
2024-08-06T14:43:36+02:00,CSPMK2-500M-----------QFNL000100--,CSPMK2-500M,Men's Kayak Double 500m,Men's Kayak Double 500m Quarterfinal 1,Quarterfinal 1,FINISHED,M,Canoe Sprint,CSP,Nautical St - Flat water,CSPMK2-500M-RSA01,LOVEMORE Hamish / BIRKETT Andrew James,Team,RSA,South Africa,2.0,1:29.75,TIME,+0.63,SF,3,
2024-08-06T14:43:36+02:00,CSPMK2-500M-----------QFNL000100--,CSPMK2-500M,Men's Kayak Double 500m,Men's Kayak Double 500m Quarterfinal 1,Quarterfinal 1,FINISHED,M,Canoe Sprint,CSP,Nautical St - Flat water,CSPMK2-500M-CAN01,POULIN Pierre-Luc / McTAVISH Simon,Team,CAN,Canada,3.0,1:30.01,TIME,+0.89,SF,4,
2024-08-06T14:43:36+02:00,CSPMK2-500M-----------QFNL000100--,CSPMK2-500M,Men's Kayak Double 500m,Men's Kayak Double 500m Quarterfinal 1,Quarterfinal 1,FINISHED,M,Canoe Sprint,CSP,Nautical St - Flat water,CSPMK2-500M-NZL01,LEGARTH Hamish / IMRIE Kurtis,Team,NZL,New Zealand,4.0,1:30.29,TIME,+1.17,SF,7,
2024-08-06T14:43:36+02:00,CSPMK2-500M-----------QFNL000100--,CSPMK2-500M,Men's Kayak Double 500m,Men's Kayak Double 500m Quarterfinal 1,Quarterfinal 1,FINISHED,M,Canoe Sprint,CSP,Nautical St - Flat water,CSPMK2-500M-LTU01,MALDONIS Mindaugas / OLIJNIK Andrej,Team,LTU,Lithuania,5.0,1:30.30,TIME,+1.18,X,6,
2024-08-06T14:43:36+02:00,CSPMK2-500M-----------QFNL000100--,CSPMK2-500M,Men's Kayak Double 500m,Men's Kayak Double 500m Quarterfinal 1,Quarterfinal 1,FINISHED,M,Canoe Sprint,CSP,Nautical St - Flat water,CSPMK2-500M-KAZ01,RAMATULLA Bekarys / TOKARNYTSKYI Sergii,Team,KAZ,Kazakhstan,6.0,1:37.58,TIME,+8.46,X,2,
2024-08-06T14:47:50+02:00,CSPMK2-500M-----------QFNL000200--,CSPMK2-500M,Men's Kayak Double 500m,Men's Kayak Double 500m Quarterfinal 2,Quarterfinal 2,FINISHED,M,Canoe Sprint,CSP,Nautical St - Flat water,CSPMK2-500M-CZE01,SPICAR Jakub / HAVEL Daniel,Team,CZE,Czechia,1.0,1:28.36,TIME,,SF,4,
2024-08-06T14:47:50+02:00,CSPMK2-500M-----------QFNL000200--,CSPMK2-500M,Men's Kayak Double 500m,Men's Kayak Double 500m Quarterfinal 2,Quarterfinal 2,FINISHED,M,Canoe Sprint,CSP,Nautical St - Flat water,CSPMK2-500M-SRB02,NOVAKOVIC Marko / DRAGOSAVLJEVIC Marko,Team,SRB,Serbia,2.0,1:28.57,TIME,+0.21,SF,3,
2024-08-06T14:47:50+02:00,CSPMK2-500M-----------QFNL000200--,CSPMK2-500M,Men's Kayak Double 500m,Men's Kayak Double 500m Quarterfinal 2,Quarterfinal 2,FINISHED,M,Canoe Sprint,CSP,Nautical St - Flat water,CSPMK2-500M-USA01,ECKER Jonas / SMALL Aaron,Team,USA,United States,3.0,1:28.93,TIME,+0.57,SF,7,
2024-08-06T14:47:50+02:00,CSPMK2-500M-----------QFNL000200--,CSPMK2-500M,Men's Kayak Double 500m,Men's Kayak Double 500m Quarterfinal 2,Quarterfinal 2,FINISHED,M,Canoe Sprint,CSP,Nautical St - Flat water,CSPMK2-500M-SRB01,DZOMBETA Andjelo / TORUBAROV Vladimir,Team,SRB,Serbia,4.0,1:29.46,TIME,+1.10,SF,2,
2024-08-06T14:47:50+02:00,CSPMK2-500M-----------QFNL000200--,CSPMK2-500M,Men's Kayak Double 500m,Men's Kayak Double 500m Quarterfinal 2,Quarterfinal 2,FINISHED,M,Canoe Sprint,CSP,Nautical St - Flat water,CSPMK2-500M-CHN01,BU Tingkai / ZHANG Dong,Team,CHN,China,5.0,1:29.58,TIME,+1.22,X,6,
2024-08-06T14:47:50+02:00,CSPMK2-500M-----------QFNL000200--,CSPMK2-500M,Men's Kayak Double 500m,Men's Kayak Double 500m Quarterfinal 2,Quarterfinal 2,FINISHED,M,Canoe Sprint,CSP,Nautical St - Flat water,CSPMK2-500M-UKR01,KUKHARYK Oleh / TRUNOV Ihor,Team,UKR,Ukraine,6.0,1:29.68,TIME,+1.32,X,5,
2024-08-06T09:43:23+02:00,CSPMK4-500M-----------HEAT000100--,CSPMK4-500M,Men's Kayak Four 500m,Men's Kayak Four 500m Heat 1,Heat 1,FINISHED,M,Canoe Sprint,CSP,Nautical St - Flat water,CSPMK4-500M-SRB01,Serbia,Team,SRB,Serbia,1.0,1:20.99,TIME,,SF,3,
2024-08-06T09:43:23+02:00,CSPMK4-500M-----------HEAT000100--,CSPMK4-500M,Men's Kayak Four 500m,Men's Kayak Four 500m Heat 1,Heat 1,FINISHED,M,Canoe Sprint,CSP,Nautical St - Flat water,CSPMK4-500M-HUN01,Hungary,Team,HUN,Hungary,2.0,1:21.18,TIME,+0.19,SF,5,
2024-08-06T09:43:23+02:00,CSPMK4-500M-----------HEAT000100--,CSPMK4-500M,Men's Kayak Four 500m,Men's Kayak Four 500m Heat 1,Heat 1,FINISHED,M,Canoe Sprint,CSP,Nautical St - Flat water,CSPMK4-500M-LTU01,Lithuania,Team,LTU,Lithuania,3.0,1:21.51,TIME,+0.52,QF,7,
2024-08-06T09:43:23+02:00,CSPMK4-500M-----------HEAT000100--,CSPMK4-500M,Men's Kayak Four 500m,Men's Kayak Four 500m Heat 1,Heat 1,FINISHED,M,Canoe Sprint,CSP,Nautical St - Flat water,CSPMK4-500M-UKR01,Ukraine,Team,UKR,Ukraine,4.0,1:21.55,TIME,+0.56,QF,6,
2024-08-06T09:43:23+02:00,CSPMK4-500M-----------HEAT000100--,CSPMK4-500M,Men's Kayak Four 500m,Men's Kayak Four 500m Heat 1,Heat 1,FINISHED,M,Canoe Sprint,CSP,Nautical St - Flat water,CSPMK4-500M-CAN01,Canada,Team,CAN,Canada,5.0,1:22.84,TIME,+1.85,QF,2,
2024-08-06T09:43:23+02:00,CSPMK4-500M-----------HEAT000100--,CSPMK4-500M,Men's Kayak Four 500m,Men's Kayak Four 500m Heat 1,Heat 1,FINISHED,M,Canoe Sprint,CSP,Nautical St - Flat water,CSPMK4-500M-DEN01,Denmark,Team,DEN,Denmark,6.0,1:22.98,TIME,+1.99,QF,4,
2024-08-06T09:55:50+02:00,CSPMK4-500M-----------HEAT000200--,CSPMK4-500M,Men's Kayak Four 500m,Men's Kayak Four 500m Heat 2,Heat 2,FINISHED,M,Canoe Sprint,CSP,Nautical St - Flat water,CSPMK4-500M-GER01,Germany,Team,GER,Germany,1.0,1:20.51,TIME,,SF,5,
2024-08-06T09:55:50+02:00,CSPMK4-500M-----------HEAT000200--,CSPMK4-500M,Men's Kayak Four 500m,Men's Kayak Four 500m Heat 2,Heat 2,FINISHED,M,Canoe Sprint,CSP,Nautical St - Flat water,CSPMK4-500M-ESP01,Spain,Team,ESP,Spain,2.0,1:20.60,TIME,+0.09,SF,4,
2024-08-06T09:55:50+02:00,CSPMK4-500M-----------HEAT000200--,CSPMK4-500M,Men's Kayak Four 500m,Men's Kayak Four 500m Heat 2,Heat 2,FINISHED,M,Canoe Sprint,CSP,Nautical St - Flat water,CSPMK4-500M-AUS01,Australia,Team,AUS,Australia,3.0,1:22.28,TIME,+1.77,QF,3,
2024-08-06T09:55:50+02:00,CSPMK4-500M-----------HEAT000200--,CSPMK4-500M,Men's Kayak Four 500m,Men's Kayak Four 500m Heat 2,Heat 2,FINISHED,M,Canoe Sprint,CSP,Nautical St - Flat water,CSPMK4-500M-NZL01,New Zealand,Team,NZL,New Zealand,4.0,1:23.26,TIME,+2.75,QF,7,
2024-08-06T09:55:50+02:00,CSPMK4-500M-----------HEAT000200--,CSPMK4-500M,Men's Kayak Four 500m,Men's Kayak Four 500m Heat 2,Heat 2,FINISHED,M,Canoe Sprint,CSP,Nautical St - Flat water,CSPMK4-500M-CHN01,People's Republic of China,Team,CHN,China,5.0,1:25.00,TIME,+4.49,QF,6,
2024-08-06T13:22:49+02:00,CSPMK4-500M-----------QFNL000100--,CSPMK4-500M,Men's Kayak Four 500m,Men's Kayak Four 500m Quarterfinal 1,Quarterfinal 1,FINISHED,M,Canoe Sprint,CSP,Nautical St - Flat water,CSPMK4-500M-AUS01,Australia,Team,AUS,Australia,1.0,1:19.39,TIME,,SF,4,
2024-08-06T13:22:49+02:00,CSPMK4-500M-----------QFNL000100--,CSPMK4-500M,Men's Kayak Four 500m,Men's Kayak Four 500m Quarterfinal 1,Quarterfinal 1,FINISHED,M,Canoe Sprint,CSP,Nautical St - Flat water,CSPMK4-500M-NZL01,New Zealand,Team,NZL,New Zealand,2.0,1:20.56,TIME,+1.17,SF,6,
2024-08-06T13:22:49+02:00,CSPMK4-500M-----------QFNL000100--,CSPMK4-500M,Men's Kayak Four 500m,Men's Kayak Four 500m Quarterfinal 1,Quarterfinal 1,FINISHED,M,Canoe Sprint,CSP,Nautical St - Flat water,CSPMK4-500M-DEN01,Denmark,Team,DEN,Denmark,3.0,1:20.56,TIME,+1.17,SF,1,
2024-08-06T13:22:49+02:00,CSPMK4-500M-----------QFNL000100--,CSPMK4-500M,Men's Kayak Four 500m,Men's Kayak Four 500m Quarterfinal 1,Quarterfinal 1,FINISHED,M,Canoe Sprint,CSP,Nautical St - Flat water,CSPMK4-500M-CAN01,Canada,Team,CAN,Canada,4.0,1:20.65,TIME,+1.26,SF,7,
2024-08-06T13:22:49+02:00,CSPMK4-500M-----------QFNL000100--,CSPMK4-500M,Men's Kayak Four 500m,Men's Kayak Four 500m Quarterfinal 1,Quarterfinal 1,FINISHED,M,Canoe Sprint,CSP,Nautical St - Flat water,CSPMK4-500M-UKR01,Ukraine,Team,UKR,Ukraine,5.0,1:20.94,TIME,+1.55,SF,3,
2024-08-06T13:22:49+02:00,CSPMK4-500M-----------QFNL000100--,CSPMK4-500M,Men's Kayak Four 500m,Men's Kayak Four 500m Quarterfinal 1,Quarterfinal 1,FINISHED,M,Canoe Sprint,CSP,Nautical St - Flat water,CSPMK4-500M-LTU01,Lithuania,Team,LTU,Lithuania,6.0,1:21.09,TIME,+1.70,SF,5,
2024-08-06T13:22:49+02:00,CSPMK4-500M-----------QFNL000100--,CSPMK4-500M,Men's Kayak Four 500m,Men's Kayak Four 500m Quarterfinal 1,Quarterfinal 1,FINISHED,M,Canoe Sprint,CSP,Nautical St - Flat water,CSPMK4-500M-CHN01,People's Republic of China,Team,CHN,China,7.0,1:21.31,TIME,+1.92,X,2,
2024-08-07T10:48:20+02:00,CSPMK1-1000M----------HEAT000100--,CSPMK1-1000M,Men's Kayak Single 1000m,Men's Kayak Single 1000m Heat 1,Heat 1,FINISHED,M,Canoe Sprint,CSP,Nautical St - Flat water,1937424,PIMENTA Fernando,Person,POR,Portugal,1.0,3:29.76,TIME,,SF,5,238
2024-08-07T10:48:20+02:00,CSPMK1-1000M----------HEAT000100--,CSPMK1-1000M,Men's Kayak Single 1000m,Men's Kayak Single 1000m Heat 1,Heat 1,FINISHED,M,Canoe Sprint,CSP,Nautical St - Flat water,1941072,KRAVETS Uladzislau,Person,AIN,AIN,2.0,3:32.07,TIME,+2.31,SF,2,2
2024-08-07T10:48:20+02:00,CSPMK1-1000M----------HEAT000100--,CSPMK1-1000M,Men's Kayak Single 1000m,Men's Kayak Single 1000m Heat 1,Heat 1,FINISHED,M,Canoe Sprint,CSP,Nautical St - Flat water,1955121,ECKER Jonas,Person,USA,United States,3.0,3:37.21,TIME,+7.45,QF,4,280
2024-08-07T10:48:20+02:00,CSPMK1-1000M----------HEAT000100--,CSPMK1-1000M,Men's Kayak Single 1000m,Men's Kayak Single 1000m Heat 1,Heat 1,FINISHED,M,Canoe Sprint,CSP,Nautical St - Flat water,1894583,FAZLOULA Saeid,Person,EOR,EOR,4.0,3:42.80,TIME,+13.04,QF,3,87
2024-08-07T10:48:20+02:00,CSPMK1-1000M----------HEAT000100--,CSPMK1-1000M,Men's Kayak Single 1000m,Men's Kayak Single 1000m Heat 1,Heat 1,FINISHED,M,Canoe Sprint,CSP,Nautical St - Flat water,1555479,ELAIDI Achraf,Person,MAR,Morocco,5.0,3:50.36,TIME,+20.60,QF,6,197
2024-08-07T10:48:20+02:00,CSPMK1-1000M----------HEAT000100--,CSPMK1-1000M,Men's Kayak Single 1000m,Men's Kayak Single 1000m Heat 1,Heat 1,FINISHED,M,Canoe Sprint,CSP,Nautical St - Flat water,1961764,CLIFTON Tuva'a,Person,SAM,Samoa,6.0,3:54.49,TIME,+24.73,QF,7,250
2024-08-07T10:58:46+02:00,CSPMK1-1000M----------HEAT000200--,CSPMK1-1000M,Men's Kayak Single 1000m,Men's Kayak Single 1000m Heat 2,Heat 2,FINISHED,M,Canoe Sprint,CSP,Nautical St - Flat water,1913791,WINKELMANN Anton,Person,GER,Germany,1.0,3:27.80,TIME,,SF,2,124
2024-08-07T10:58:46+02:00,CSPMK1-1000M----------HEAT000200--,CSPMK1-1000M,Men's Kayak Single 1000m,Men's Kayak Single 1000m Heat 2,Heat 2,FINISHED,M,Canoe Sprint,CSP,Nautical St - Flat water,1573879,NATHELL Martin,Person,SWE,Sweden,2.0,3:28.36,TIME,+0.56,SF,5,264
2024-08-07T10:58:46+02:00,CSPMK1-1000M----------HEAT000200--,CSPMK1-1000M,Men's Kayak Single 1000m,Men's Kayak Single 1000m Heat 2,Heat 2,FINISHED,M,Canoe Sprint,CSP,Nautical St - Flat water,1953994,CUBELOS Francisco,Person,ESP,Spain,3.0,3:28.40,TIME,+0.60,QF,6,94
2024-08-07T10:58:46+02:00,CSPMK1-1000M----------HEAT000200--,CSPMK1-1000M,Men's Kayak Single 1000m,Men's Kayak Single 1000m Heat 2,Heat 2,FINISHED,M,Canoe Sprint,CSP,Nautical St - Flat water,1927416,ZHANG Dong,Person,CHN,China,4.0,3:35.83,TIME,+8.03,QF,4,56
2024-08-07T10:58:46+02:00,CSPMK1-1000M----------HEAT000200--,CSPMK1-1000M,Men's Kayak Single 1000m,Men's Kayak Single 1000m Heat 2,Heat 2,FINISHED,M,Canoe Sprint,CSP,Nautical St - Flat water,1892421,POULSEN Rene Holten,Person,DEN,Denmark,5.0,3:40.14,TIME,+12.34,QF,3,82
2024-08-07T10:58:46+02:00,CSPMK1-1000M----------HEAT000200--,CSPMK1-1000M,Men's Kayak Single 1000m,Men's Kayak Single 1000m Heat 2,Heat 2,FINISHED,M,Canoe Sprint,CSP,Nautical St - Flat water,1955141,SMALL Aaron,Person,USA,United States,6.0,3:40.87,TIME,+13.07,QF,7,281
2024-08-07T11:09:11+02:00,CSPMK1-1000M----------HEAT000300--,CSPMK1-1000M,Men's Kayak Single 1000m,Men's Kayak Single 1000m Heat 3,Heat 3,FINISHED,M,Canoe Sprint,CSP,Nautical St - Flat water,1569972,KOPASZ Balint,Person,HUN,Hungary,1.0,3:26.44,TIME,,SF,5,139
2024-08-07T11:09:11+02:00,CSPMK1-1000M----------HEAT000300--,CSPMK1-1000M,Men's Kayak Single 1000m,Men's Kayak Single 1000m Heat 3,Heat 3,FINISHED,M,Canoe Sprint,CSP,Nautical St - Flat water,1538800,VERNICE Agustin,Person,ARG,Argentina,2.0,3:27.18,TIME,+0.74,SF,4,8
2024-08-07T11:09:11+02:00,CSPMK1-1000M----------HEAT000300--,CSPMK1-1000M,Men's Kayak Single 1000m,Men's Kayak Single 1000m Heat 3,Heat 3,FINISHED,M,Canoe Sprint,CSP,Nautical St - Flat water,1908592,LOVEMORE Hamish,Person,RSA,South Africa,3.0,3:28.19,TIME,+1.75,QF,7,246
2024-08-07T11:09:11+02:00,CSPMK1-1000M----------HEAT000300--,CSPMK1-1000M,Men's Kayak Single 1000m,Men's Kayak Single 1000m Heat 3,Heat 3,FINISHED,M,Canoe Sprint,CSP,Nautical St - Flat water,1888820,OLIJNIK Andrej,Person,LTU,Lithuania,4.0,3:38.02,TIME,+11.58,QF,3,195
2024-08-07T11:09:11+02:00,CSPMK1-1000M----------HEAT000300--,CSPMK1-1000M,Men's Kayak Single 1000m,Men's Kayak Single 1000m Heat 3,Heat 3,FINISHED,M,Canoe Sprint,CSP,Nautical St - Flat water,1912315,OTERO EZCURRA Matias Valentin,Person,URU,Uruguay,5.0,3:43.65,TIME,+17.21,QF,6,279
2024-08-07T11:09:11+02:00,CSPMK1-1000M----------HEAT000300--,CSPMK1-1000M,Men's Kayak Single 1000m,Men's Kayak Single 1000m Heat 3,Heat 3,FINISHED,M,Canoe Sprint,CSP,Nautical St - Flat water,1935423,RAMATULLA Bekarys,Person,KAZ,Kazakhstan,6.0,3:44.47,TIME,+18.03,QF,2,187
2024-08-07T11:18:55+02:00,CSPMK1-1000M----------HEAT000400--,CSPMK1-1000M,Men's Kayak Single 1000m,Men's Kayak Single 1000m Heat 4,Heat 4,FINISHED,M,Canoe Sprint,CSP,Nautical St - Flat water,1570863,VARGA Adam,Person,HUN,Hungary,1.0,3:28.56,TIME,,SF,7,143
2024-08-07T11:18:55+02:00,CSPMK1-1000M----------HEAT000400--,CSPMK1-1000M,Men's Kayak Single 1000m,Men's Kayak Single 1000m Heat 4,Heat 4,FINISHED,M,Canoe Sprint,CSP,Nautical St - Flat water,1913756,THORDSEN Jakob,Person,GER,Germany,2.0,3:29.88,TIME,+1.32,SF,5,123
2024-08-07T11:18:55+02:00,CSPMK1-1000M----------HEAT000400--,CSPMK1-1000M,Men's Kayak Single 1000m,Men's Kayak Single 1000m Heat 4,Heat 4,FINISHED,M,Canoe Sprint,CSP,Nautical St - Flat water,1880457,BEAUMONT Maxime,Person,FRA,France,3.0,3:30.64,TIME,+2.08,QF,6,108
2024-08-07T11:18:55+02:00,CSPMK1-1000M----------HEAT000400--,CSPMK1-1000M,Men's Kayak Single 1000m,Men's Kayak Single 1000m Heat 4,Heat 4,FINISHED,M,Canoe Sprint,CSP,Nautical St - Flat water,1895631,PETERS Artuur,Person,BEL,Belgium,4.0,3:31.55,TIME,+2.99,QF,4,23
2024-08-07T11:18:55+02:00,CSPMK1-1000M----------HEAT000400--,CSPMK1-1000M,Men's Kayak Single 1000m,Men's Kayak Single 1000m Heat 4,Heat 4,FINISHED,M,Canoe Sprint,CSP,Nautical St - Flat water,1953995,del RIO Adrian,Person,ESP,Spain,5.0,3:33.81,TIME,+5.25,QF,2,95
2024-08-07T11:18:55+02:00,CSPMK1-1000M----------HEAT000400--,CSPMK1-1000M,Men's Kayak Single 1000m,Men's Kayak Single 1000m Heat 4,Heat 4,FINISHED,M,Canoe Sprint,CSP,Nautical St - Flat water,1536996,AGHAMIRZAEIJENAGHARD Ali,Person,IRI,IR Iran,6.0,3:36.58,TIME,+8.02,QF,3,179
2024-08-07T11:31:56+02:00,CSPMK1-1000M----------HEAT000500--,CSPMK1-1000M,Men's Kayak Single 1000m,Men's Kayak Single 1000m Heat 5,Heat 5,FINISHED,M,Canoe Sprint,CSP,Nautical St - Flat water,1940223,GREEN Tom,Person,AUS,Australia,1.0,3:35.99,TIME,,SF,4,13
2024-08-07T11:31:56+02:00,CSPMK1-1000M----------HEAT000500--,CSPMK1-1000M,Men's Kayak Single 1000m,Men's Kayak Single 1000m Heat 5,Heat 5,FINISHED,M,Canoe Sprint,CSP,Nautical St - Flat water,1878715,DOSTAL Josef,Person,CZE,Czechia,2.0,3:37.83,TIME,+1.84,SF,5,72
2024-08-07T11:31:56+02:00,CSPMK1-1000M----------HEAT000500--,CSPMK1-1000M,Men's Kayak Single 1000m,Men's Kayak Single 1000m Heat 5,Heat 5,FINISHED,M,Canoe Sprint,CSP,Nautical St - Flat water,1543695,MAKHKAMOV Shakhriyor,Person,UZB,Uzbekistan,3.0,3:40.25,TIME,+4.26,QF,6,283
2024-08-07T11:31:56+02:00,CSPMK1-1000M----------HEAT000500--,CSPMK1-1000M,Men's Kayak Single 1000m,Men's Kayak Single 1000m Heat 5,Heat 5,FINISHED,M,Canoe Sprint,CSP,Nautical St - Flat water,1952601,SOUTA Vagner Junior,Person,BRA,Brazil,4.0,3:46.17,TIME,+10.18,QF,3,29
2024-08-07T11:31:56+02:00,CSPMK1-1000M----------HEAT000500--,CSPMK1-1000M,Men's Kayak Single 1000m,Men's Kayak Single 1000m Heat 5,Heat 5,FINISHED,M,Canoe Sprint,CSP,Nautical St - Flat water,1908557,BIRKETT Andrew James,Person,RSA,South Africa,5.0,3:53.31,TIME,+17.32,QF,7,245
2024-08-07T14:19:19+02:00,CSPMK1-1000M----------QFNL000100--,CSPMK1-1000M,Men's Kayak Single 1000m,Men's Kayak Single 1000m Quarterfinal 1,Quarterfinal 1,FINISHED,M,Canoe Sprint,CSP,Nautical St - Flat water,1880457,BEAUMONT Maxime,Person,FRA,France,1.0,3:29.66,TIME,,SF,4,108
2024-08-07T14:19:19+02:00,CSPMK1-1000M----------QFNL000100--,CSPMK1-1000M,Men's Kayak Single 1000m,Men's Kayak Single 1000m Quarterfinal 1,Quarterfinal 1,FINISHED,M,Canoe Sprint,CSP,Nautical St - Flat water,1912315,OTERO EZCURRA Matias Valentin,Person,URU,Uruguay,2.0,3:30.81,TIME,+1.15,SF,7,279
2024-08-07T14:19:19+02:00,CSPMK1-1000M----------QFNL000100--,CSPMK1-1000M,Men's Kayak Single 1000m,Men's Kayak Single 1000m Quarterfinal 1,Quarterfinal 1,FINISHED,M,Canoe Sprint,CSP,Nautical St - Flat water,1536996,AGHAMIRZAEIJENAGHARD Ali,Person,IRI,IR Iran,3.0,3:33.78,TIME,+4.12,X,8,179
2024-08-07T14:19:19+02:00,CSPMK1-1000M----------QFNL000100--,CSPMK1-1000M,Men's Kayak Single 1000m,Men's Kayak Single 1000m Quarterfinal 1,Quarterfinal 1,FINISHED,M,Canoe Sprint,CSP,Nautical St - Flat water,1927416,ZHANG Dong,Person,CHN,China,4.0,3:37.75,TIME,+8.09,X,6,56
2024-08-07T14:19:19+02:00,CSPMK1-1000M----------QFNL000100--,CSPMK1-1000M,Men's Kayak Single 1000m,Men's Kayak Single 1000m Quarterfinal 1,Quarterfinal 1,FINISHED,M,Canoe Sprint,CSP,Nautical St - Flat water,1955121,ECKER Jonas,Person,USA,United States,5.0,3:41.77,TIME,+12.11,X,5,280
2024-08-07T14:19:19+02:00,CSPMK1-1000M----------QFNL000100--,CSPMK1-1000M,Men's Kayak Single 1000m,Men's Kayak Single 1000m Quarterfinal 1,Quarterfinal 1,FINISHED,M,Canoe Sprint,CSP,Nautical St - Flat water,1952601,SOUTA Vagner Junior,Person,BRA,Brazil,6.0,3:50.72,TIME,+21.06,X,3,29
2024-08-07T14:19:19+02:00,CSPMK1-1000M----------QFNL000100--,CSPMK1-1000M,Men's Kayak Single 1000m,Men's Kayak Single 1000m Quarterfinal 1,Quarterfinal 1,FINISHED,M,Canoe Sprint,CSP,Nautical St - Flat water,1961764,CLIFTON Tuva'a,Person,SAM,Samoa,7.0,3:55.20,TIME,+25.54,X,2,250
2024-08-07T14:29:50+02:00,CSPMK1-1000M----------QFNL000200--,CSPMK1-1000M,Men's Kayak Single 1000m,Men's Kayak Single 1000m Quarterfinal 2,Quarterfinal 2,FINISHED,M,Canoe Sprint,CSP,Nautical St - Flat water,1892421,POULSEN Rene Holten,Person,DEN,Denmark,1.0,3:35.48,TIME,,SF,3,82
2024-08-07T14:29:50+02:00,CSPMK1-1000M----------QFNL000200--,CSPMK1-1000M,Men's Kayak Single 1000m,Men's Kayak Single 1000m Quarterfinal 2,Quarterfinal 2,FINISHED,M,Canoe Sprint,CSP,Nautical St - Flat water,1908592,LOVEMORE Hamish,Person,RSA,South Africa,2.0,3:36.64,TIME,+1.16,SF,5,246
2024-08-07T14:29:50+02:00,CSPMK1-1000M----------QFNL000200--,CSPMK1-1000M,Men's Kayak Single 1000m,Men's Kayak Single 1000m Quarterfinal 2,Quarterfinal 2,FINISHED,M,Canoe Sprint,CSP,Nautical St - Flat water,1908557,BIRKETT Andrew James,Person,RSA,South Africa,3.0,3:38.11,TIME,+2.63,X,7,245
2024-08-07T14:29:50+02:00,CSPMK1-1000M----------QFNL000200--,CSPMK1-1000M,Men's Kayak Single 1000m,Men's Kayak Single 1000m Quarterfinal 2,Quarterfinal 2,FINISHED,M,Canoe Sprint,CSP,Nautical St - Flat water,1894583,FAZLOULA Saeid,Person,EOR,EOR,4.0,3:40.94,TIME,+5.46,X,4,87
2024-08-07T14:29:50+02:00,CSPMK1-1000M----------QFNL000200--,CSPMK1-1000M,Men's Kayak Single 1000m,Men's Kayak Single 1000m Quarterfinal 2,Quarterfinal 2,FINISHED,M,Canoe Sprint,CSP,Nautical St - Flat water,1935423,RAMATULLA Bekarys,Person,KAZ,Kazakhstan,5.0,3:45.77,TIME,+10.29,X,2,187
2024-08-07T14:29:50+02:00,CSPMK1-1000M----------QFNL000200--,CSPMK1-1000M,Men's Kayak Single 1000m,Men's Kayak Single 1000m Quarterfinal 2,Quarterfinal 2,FINISHED,M,Canoe Sprint,CSP,Nautical St - Flat water,1895631,PETERS Artuur,Person,BEL,Belgium,6.0,3:51.20,TIME,+15.72,X,6,23
2024-08-07T14:54:19+02:00,CSPMK1-1000M----------QFNL000300--,CSPMK1-1000M,Men's Kayak Single 1000m,Men's Kayak Single 1000m Quarterfinal 3,Quarterfinal 3,FINISHED,M,Canoe Sprint,CSP,Nautical St - Flat water,1953995,del RIO Adrian,Person,ESP,Spain,1.0,3:30.39,TIME,,SF,7,95
2024-08-07T14:54:19+02:00,CSPMK1-1000M----------QFNL000300--,CSPMK1-1000M,Men's Kayak Single 1000m,Men's Kayak Single 1000m Quarterfinal 3,Quarterfinal 3,FINISHED,M,Canoe Sprint,CSP,Nautical St - Flat water,1953994,CUBELOS Francisco,Person,ESP,Spain,2.0,3:33.74,TIME,+3.35,SF,4,94
2024-08-07T14:54:19+02:00,CSPMK1-1000M----------QFNL000300--,CSPMK1-1000M,Men's Kayak Single 1000m,Men's Kayak Single 1000m Quarterfinal 3,Quarterfinal 3,FINISHED,M,Canoe Sprint,CSP,Nautical St - Flat water,1543695,MAKHKAMOV Shakhriyor,Person,UZB,Uzbekistan,3.0,3:35.43,TIME,+5.04,X,5,283
2024-08-07T14:54:19+02:00,CSPMK1-1000M----------QFNL000300--,CSPMK1-1000M,Men's Kayak Single 1000m,Men's Kayak Single 1000m Quarterfinal 3,Quarterfinal 3,FINISHED,M,Canoe Sprint,CSP,Nautical St - Flat water,1888820,OLIJNIK Andrej,Person,LTU,Lithuania,4.0,3:36.72,TIME,+6.33,X,6,195
2024-08-07T14:54:19+02:00,CSPMK1-1000M----------QFNL000300--,CSPMK1-1000M,Men's Kayak Single 1000m,Men's Kayak Single 1000m Quarterfinal 3,Quarterfinal 3,FINISHED,M,Canoe Sprint,CSP,Nautical St - Flat water,1955141,SMALL Aaron,Person,USA,United States,5.0,3:42.05,TIME,+11.66,X,2,281
2024-08-07T14:54:19+02:00,CSPMK1-1000M----------QFNL000300--,CSPMK1-1000M,Men's Kayak Single 1000m,Men's Kayak Single 1000m Quarterfinal 3,Quarterfinal 3,FINISHED,M,Canoe Sprint,CSP,Nautical St - Flat water,1555479,ELAIDI Achraf,Person,MAR,Morocco,6.0,4:02.27,TIME,+31.88,X,3,197
2024-08-06T11:12:03+02:00,CSPWC2-500M-----------HEAT000100--,CSPWC2-500M,Women's Canoe Double 500m,Women's Canoe Double 500m Heat 1,Heat 1,FINISHED,W,Canoe Sprint,CSP,Nautical St - Flat water,CSPWC2-500M-CHN01,XU Shixiao / SUN Mengya,Team,CHN,China,1.0,1:54.45,TIME,,SF,5,
2024-08-06T11:12:03+02:00,CSPWC2-500M-----------HEAT000100--,CSPWC2-500M,Women's Canoe Double 500m,Women's Canoe Double 500m Heat 1,Heat 1,FINISHED,W,Canoe Sprint,CSP,Nautical St - Flat water,CSPWC2-500M-UKR01,LUZAN Liudmyla / RYBACHOK Anastasiia,Team,UKR,Ukraine,2.0,1:55.88,TIME,+1.43,SF,3,
2024-08-06T11:12:03+02:00,CSPWC2-500M-----------HEAT000100--,CSPWC2-500M,Women's Canoe Double 500m,Women's Canoe Double 500m Heat 1,Heat 1,FINISHED,W,Canoe Sprint,CSP,Nautical St - Flat water,CSPWC2-500M-POL01,SZCZERBINSKA Sylwia / BOROWSKA Dorota,Team,POL,Poland,3.0,1:58.42,TIME,+3.97,QF,4,
2024-08-06T11:12:03+02:00,CSPWC2-500M-----------HEAT000100--,CSPWC2-500M,Women's Canoe Double 500m,Women's Canoe Double 500m Heat 1,Heat 1,FINISHED,W,Canoe Sprint,CSP,Nautical St - Flat water,CSPWC2-500M-CHI01,MAILLIARD Maria Jose / GOMEZ Paula,Team,CHI,Chile,4.0,2:00.28,TIME,+5.83,QF,7,
2024-08-06T11:12:03+02:00,CSPWC2-500M-----------HEAT000100--,CSPWC2-500M,Women's Canoe Double 500m,Women's Canoe Double 500m Heat 1,Heat 1,FINISHED,W,Canoe Sprint,CSP,Nautical St - Flat water,CSPWC2-500M-GER01,JAHN Lisa / KLIEMKE Hedi Moana,Team,GER,Germany,5.0,2:01.15,TIME,+6.70,QF,6,
2024-08-06T11:12:03+02:00,CSPWC2-500M-----------HEAT000100--,CSPWC2-500M,Women's Canoe Double 500m,Women's Canoe Double 500m Heat 1,Heat 1,FINISHED,W,Canoe Sprint,CSP,Nautical St - Flat water,CSPWC2-500M-FRA01,RENARD Axelle / DORANGE Eugenie,Team,FRA,France,6.0,2:01.68,TIME,+7.23,QF,8,
2024-08-06T11:12:03+02:00,CSPWC2-500M-----------HEAT000100--,CSPWC2-500M,Women's Canoe Double 500m,Women's Canoe Double 500m Heat 1,Heat 1,FINISHED,W,Canoe Sprint,CSP,Nautical St - Flat water,CSPWC2-500M-CUB01,CIRILO DUBOYS Yarisleidis / LOPEZ LAMADRID Yinnoly Francheska,Team,CUB,Cuba,7.0,2:03.54,TIME,+9.09,QF,2,
2024-08-06T11:17:46+02:00,CSPWC2-500M-----------HEAT000200--,CSPWC2-500M,Women's Canoe Double 500m,Women's Canoe Double 500m Heat 2,Heat 2,FINISHED,W,Canoe Sprint,CSP,Nautical St - Flat water,CSPWC2-500M-CAN01,MACKENZIE Sloan / VINCENT Katie,Team,CAN,Canada,1.0,1:54.16,TIME,,SF,6,
2024-08-06T11:17:46+02:00,CSPWC2-500M-----------HEAT000200--,CSPWC2-500M,Women's Canoe Double 500m,Women's Canoe Double 500m Heat 2,Heat 2,FINISHED,W,Canoe Sprint,CSP,Nautical St - Flat water,CSPWC2-500M-ESP01,JACOME Antia / CORBERA Maria,Team,ESP,Spain,2.0,1:55.63,TIME,+1.47,SF,4,
2024-08-06T11:17:46+02:00,CSPWC2-500M-----------HEAT000200--,CSPWC2-500M,Women's Canoe Double 500m,Women's Canoe Double 500m Heat 2,Heat 2,FINISHED,W,Canoe Sprint,CSP,Nautical St - Flat water,CSPWC2-500M-HUN01,KISS Agnes Anna / NAGY Bianka,Team,HUN,Hungary,3.0,1:56.82,TIME,+2.66,QF,5,
2024-08-06T11:17:46+02:00,CSPWC2-500M-----------HEAT000200--,CSPWC2-500M,Women's Canoe Double 500m,Women's Canoe Double 500m Heat 2,Heat 2,FINISHED,W,Canoe Sprint,CSP,Nautical St - Flat water,CSPWC2-500M-MDA01,COCIU Daniela / OLARASU Maria,Team,MDA,Republic of Moldova,4.0,1:58.81,TIME,+4.65,QF,3,
2024-08-06T11:17:46+02:00,CSPWC2-500M-----------HEAT000200--,CSPWC2-500M,Women's Canoe Double 500m,Women's Canoe Double 500m Heat 2,Heat 2,FINISHED,W,Canoe Sprint,CSP,Nautical St - Flat water,CSPWC2-500M-KAZ01,BROVKOVA Mariya / ISKAKOVA Rufina,Team,KAZ,Kazakhstan,5.0,2:00.05,TIME,+5.89,QF,2,
2024-08-06T11:17:46+02:00,CSPWC2-500M-----------HEAT000200--,CSPWC2-500M,Women's Canoe Double 500m,Women's Canoe Double 500m Heat 2,Heat 2,FINISHED,W,Canoe Sprint,CSP,Nautical St - Flat water,CSPWC2-500M-NGR01,BELLO Ayomide Powei / OTUEDO Beauty Akinaere,Team,NGR,Nigeria,6.0,2:10.11,TIME,+15.95,QF,7,
2024-08-06T13:28:51+02:00,CSPWC2-500M-----------QFNL000100--,CSPWC2-500M,Women's Canoe Double 500m,Women's Canoe Double 500m Quarterfinal 1,Quarterfinal 1,FINISHED,W,Canoe Sprint,CSP,Nautical St - Flat water,CSPWC2-500M-POL01,SZCZERBINSKA Sylwia / BOROWSKA Dorota,Team,POL,Poland,1.0,1:55.39,TIME,,SF,5,
2024-08-06T13:28:51+02:00,CSPWC2-500M-----------QFNL000100--,CSPWC2-500M,Women's Canoe Double 500m,Women's Canoe Double 500m Quarterfinal 1,Quarterfinal 1,FINISHED,W,Canoe Sprint,CSP,Nautical St - Flat water,CSPWC2-500M-MDA01,COCIU Daniela / OLARASU Maria,Team,MDA,Republic of Moldova,2.0,1:56.22,TIME,+0.83,SF,4,
2024-08-06T13:28:51+02:00,CSPWC2-500M-----------QFNL000100--,CSPWC2-500M,Women's Canoe Double 500m,Women's Canoe Double 500m Quarterfinal 1,Quarterfinal 1,FINISHED,W,Canoe Sprint,CSP,Nautical St - Flat water,CSPWC2-500M-CUB01,CIRILO DUBOYS Yarisleidis / LOPEZ LAMADRID Yinnoly Francheska,Team,CUB,Cuba,3.0,1:56.38,TIME,+0.99,SF,2,
2024-08-06T13:28:51+02:00,CSPWC2-500M-----------QFNL000100--,CSPWC2-500M,Women's Canoe Double 500m,Women's Canoe Double 500m Quarterfinal 1,Quarterfinal 1,FINISHED,W,Canoe Sprint,CSP,Nautical St - Flat water,CSPWC2-500M-GER01,JAHN Lisa / KLIEMKE Hedi Moana,Team,GER,Germany,4.0,1:56.56,TIME,+1.17,FB,3,
2024-08-06T13:28:51+02:00,CSPWC2-500M-----------QFNL000100--,CSPWC2-500M,Women's Canoe Double 500m,Women's Canoe Double 500m Quarterfinal 1,Quarterfinal 1,FINISHED,W,Canoe Sprint,CSP,Nautical St - Flat water,CSPWC2-500M-NGR01,BELLO Ayomide Powei / OTUEDO Beauty Akinaere,Team,NGR,Nigeria,5.0,2:07.86,TIME,+12.47,FB,6,
2024-08-06T13:38:02+02:00,CSPWC2-500M-----------QFNL000200--,CSPWC2-500M,Women's Canoe Double 500m,Women's Canoe Double 500m Quarterfinal 2,Quarterfinal 2,FINISHED,W,Canoe Sprint,CSP,Nautical St - Flat water,CSPWC2-500M-HUN01,KISS Agnes Anna / NAGY Bianka,Team,HUN,Hungary,1.0,1:59.89,TIME,,SF,5,
2024-08-06T13:38:02+02:00,CSPWC2-500M-----------QFNL000200--,CSPWC2-500M,Women's Canoe Double 500m,Women's Canoe Double 500m Quarterfinal 2,Quarterfinal 2,FINISHED,W,Canoe Sprint,CSP,Nautical St - Flat water,CSPWC2-500M-CHI01,MAILLIARD Maria Jose / GOMEZ Paula,Team,CHI,Chile,2.0,2:00.82,TIME,+0.93,SF,4,
2024-08-06T13:38:02+02:00,CSPWC2-500M-----------QFNL000200--,CSPWC2-500M,Women's Canoe Double 500m,Women's Canoe Double 500m Quarterfinal 2,Quarterfinal 2,FINISHED,W,Canoe Sprint,CSP,Nautical St - Flat water,CSPWC2-500M-FRA01,RENARD Axelle / DORANGE Eugenie,Team,FRA,France,3.0,2:00.91,TIME,+1.02,SF,6,
2024-08-06T13:38:02+02:00,CSPWC2-500M-----------QFNL000200--,CSPWC2-500M,Women's Canoe Double 500m,Women's Canoe Double 500m Quarterfinal 2,Quarterfinal 2,FINISHED,W,Canoe Sprint,CSP,Nautical St - Flat water,CSPWC2-500M-KAZ01,BROVKOVA Mariya / ISKAKOVA Rufina,Team,KAZ,Kazakhstan,4.0,2:01.76,TIME,+1.87,FB,3,
2024-08-06T12:17:05+02:00,CSPWK2-500M-----------HEAT000100--,CSPWK2-500M,Women's Kayak Double 500m,Women's Kayak Double 500m Heat 1,Heat 1,FINISHED,W,Canoe Sprint,CSP,Nautical St - Flat water,CSPWK2-500M-GER02,ROEHLINGS Lena / JAGSCH Pauline,Team,GER,Germany,1.0,1:41.45,TIME,,SF,7,
2024-08-06T12:17:05+02:00,CSPWK2-500M-----------HEAT000100--,CSPWK2-500M,Women's Kayak Double 500m,Women's Kayak Double 500m Heat 1,Heat 1,FINISHED,W,Canoe Sprint,CSP,Nautical St - Flat water,CSPWK2-500M-CHN01,YU Shimeng / CHEN Yule,Team,CHN,China,2.0,1:42.70,TIME,+1.25,SF,4,
2024-08-06T12:17:05+02:00,CSPWK2-500M-----------HEAT000100--,CSPWK2-500M,Women's Kayak Double 500m,Women's Kayak Double 500m Heat 1,Heat 1,FINISHED,W,Canoe Sprint,CSP,Nautical St - Flat water,CSPWK2-500M-DEN01,JORGENSEN Emma Aastrand / MATTHIESEN Frederikke Hauge,Team,DEN,Denmark,3.0,1:45.02,TIME,+3.57,QF,5,
2024-08-06T12:17:05+02:00,CSPWK2-500M-----------HEAT000100--,CSPWK2-500M,Women's Kayak Double 500m,Women's Kayak Double 500m Heat 1,Heat 1,FINISHED,W,Canoe Sprint,CSP,Nautical St - Flat water,CSPWK2-500M-FRA01,HOSTENS Manon / PAOLETTI Vanina,Team,FRA,France,4.0,1:45.34,TIME,+3.89,QF,6,
2024-08-06T12:17:05+02:00,CSPWK2-500M-----------HEAT000100--,CSPWK2-500M,Women's Kayak Double 500m,Women's Kayak Double 500m Heat 1,Heat 1,FINISHED,W,Canoe Sprint,CSP,Nautical St - Flat water,CSPWK2-500M-NOR01,VIRIK Maria / SLETSJOEE Anna Margrete,Team,NOR,Norway,5.0,1:47.17,TIME,+5.72,QF,3,
2024-08-06T12:26:33+02:00,CSPWK2-500M-----------HEAT000200--,CSPWK2-500M,Women's Kayak Double 500m,Women's Kayak Double 500m Heat 2,Heat 2,FINISHED,W,Canoe Sprint,CSP,Nautical St - Flat water,CSPWK2-500M-NZL01,CARRINGTON Lisa / HOSKIN Alicia,Team,NZL,New Zealand,1.0,1:41.05,TIME,,SF,5,
2024-08-06T12:26:33+02:00,CSPWK2-500M-----------HEAT000200--,CSPWK2-500M,Women's Kayak Double 500m,Women's Kayak Double 500m Heat 2,Heat 2,FINISHED,W,Canoe Sprint,CSP,Nautical St - Flat water,CSPWK2-500M-BEL01,PETERS Hermien / BROEKX Lize,Team,BEL,Belgium,2.0,1:41.80,TIME,+0.75,SF,4,
2024-08-06T12:26:33+02:00,CSPWK2-500M-----------HEAT000200--,CSPWK2-500M,Women's Kayak Double 500m,Women's Kayak Double 500m Heat 2,Heat 2,FINISHED,W,Canoe Sprint,CSP,Nautical St - Flat water,CSPWK2-500M-HUN01,CSIPES Tamara / GAZSO Alida Dora,Team,HUN,Hungary,3.0,1:42.68,TIME,+1.63,QF,7,
2024-08-06T12:26:33+02:00,CSPWK2-500M-----------HEAT000200--,CSPWK2-500M,Women's Kayak Double 500m,Women's Kayak Double 500m Heat 2,Heat 2,FINISHED,W,Canoe Sprint,CSP,Nautical St - Flat water,CSPWK2-500M-AUS01,BEERE Ella / BULL Aly,Team,AUS,Australia,4.0,1:46.21,TIME,+5.16,QF,6,
2024-08-06T12:26:33+02:00,CSPWK2-500M-----------HEAT000200--,CSPWK2-500M,Women's Kayak Double 500m,Women's Kayak Double 500m Heat 2,Heat 2,FINISHED,W,Canoe Sprint,CSP,Nautical St - Flat water,CSPWK2-500M-RSA01,KOCH Tiffany Amber / OLIVIER Esti,Team,RSA,South Africa,5.0,1:52.14,TIME,+11.09,QF,3,
2024-08-06T12:37:15+02:00,CSPWK2-500M-----------HEAT000300--,CSPWK2-500M,Women's Kayak Double 500m,Women's Kayak Double 500m Heat 3,Heat 3,FINISHED,W,Canoe Sprint,CSP,Nautical St - Flat water,CSPWK2-500M-POL01,KLATT Martyna / WISNIEWSKA Helena,Team,POL,Poland,1.0,1:40.95,TIME,,SF,5,
2024-08-06T12:37:15+02:00,CSPWK2-500M-----------HEAT000300--,CSPWK2-500M,Women's Kayak Double 500m,Women's Kayak Double 500m Heat 3,Heat 3,FINISHED,W,Canoe Sprint,CSP,Nautical St - Flat water,CSPWK2-500M-SWE01,STENSILS Linnea / WIKBERG Moa,Team,SWE,Sweden,2.0,1:40.97,TIME,+0.02,SF,4,
2024-08-06T12:37:15+02:00,CSPWK2-500M-----------HEAT000300--,CSPWK2-500M,Women's Kayak Double 500m,Women's Kayak Double 500m Heat 3,Heat 3,FINISHED,W,Canoe Sprint,CSP,Nautical St - Flat water,CSPWK2-500M-CAN01,STOTT Courtney / DAVISON Natalie,Team,CAN,Canada,3.0,1:44.35,TIME,+3.40,QF,3,
2024-08-06T12:37:15+02:00,CSPWK2-500M-----------HEAT000300--,CSPWK2-500M,Women's Kayak Double 500m,Women's Kayak Double 500m Heat 3,Heat 3,FINISHED,W,Canoe Sprint,CSP,Nautical St - Flat water,CSPWK2-500M-NZL02,FISHER Aimee / MATEHAERE Lucy,Team,NZL,New Zealand,4.0,1:46.52,TIME,+5.57,QF,7,
2024-08-06T12:37:15+02:00,CSPWK2-500M-----------HEAT000300--,CSPWK2-500M,Women's Kayak Double 500m,Women's Kayak Double 500m Heat 3,Heat 3,FINISHED,W,Canoe Sprint,CSP,Nautical St - Flat water,CSPWK2-500M-ESP01,GARCIA OTERO Carolina / OUZANDE Sara,Team,ESP,Spain,5.0,1:49.01,TIME,+8.06,QF,6,
2024-08-06T12:46:47+02:00,CSPWK2-500M-----------HEAT000400--,CSPWK2-500M,Women's Kayak Double 500m,Women's Kayak Double 500m Heat 4,Heat 4,FINISHED,W,Canoe Sprint,CSP,Nautical St - Flat water,CSPWK2-500M-GER01,PASZEK Paulina / HAKE Jule Marie,Team,GER,Germany,1.0,1:39.03,TIME,,SF,5,
2024-08-06T12:46:47+02:00,CSPWK2-500M-----------HEAT000400--,CSPWK2-500M,Women's Kayak Double 500m,Women's Kayak Double 500m Heat 4,Heat 4,FINISHED,W,Canoe Sprint,CSP,Nautical St - Flat water,CSPWK2-500M-POL02,NAJA Karolina / PULAWSKA Anna,Team,POL,Poland,2.0,1:39.18,TIME,+0.15,SF,7,
2024-08-06T12:46:47+02:00,CSPWK2-500M-----------HEAT000400--,CSPWK2-500M,Women's Kayak Double 500m,Women's Kayak Double 500m Heat 4,Heat 4,FINISHED,W,Canoe Sprint,CSP,Nautical St - Flat water,CSPWK2-500M-HUN02,PUPP Noemi / FOJT Sara,Team,HUN,Hungary,3.0,1:39.44,TIME,+0.41,QF,4,
2024-08-06T12:46:47+02:00,CSPWK2-500M-----------HEAT000400--,CSPWK2-500M,Women's Kayak Double 500m,Women's Kayak Double 500m Heat 4,Heat 4,FINISHED,W,Canoe Sprint,CSP,Nautical St - Flat water,CSPWK2-500M-NED01,KONIJN Selma / VORSSELMAN Ruth,Team,NED,Netherlands,4.0,1:43.91,TIME,+4.88,QF,6,
2024-08-06T12:46:47+02:00,CSPWK2-500M-----------HEAT000400--,CSPWK2-500M,Women's Kayak Double 500m,Women's Kayak Double 500m Heat 4,Heat 4,FINISHED,W,Canoe Sprint,CSP,Nautical St - Flat water,CSPWK2-500M-MEX01,ALANIS MORALES Karina / BRIONES FRAGOZA Beatriz,Team,MEX,Mexico,5.0,1:44.87,TIME,+5.84,QF,3,
2024-08-06T14:17:02+02:00,CSPWK2-500M-----------QFNL000100--,CSPWK2-500M,Women's Kayak Double 500m,Women's Kayak Double 500m Quarterfinal 1,Quarterfinal 1,FINISHED,W,Canoe Sprint,CSP,Nautical St - Flat water,CSPWK2-500M-NED01,KONIJN Selma / VORSSELMAN Ruth,Team,NED,Netherlands,1.0,1:40.93,TIME,,SF,3,
2024-08-06T14:17:02+02:00,CSPWK2-500M-----------QFNL000100--,CSPWK2-500M,Women's Kayak Double 500m,Women's Kayak Double 500m Quarterfinal 1,Quarterfinal 1,FINISHED,W,Canoe Sprint,CSP,Nautical St - Flat water,CSPWK2-500M-AUS01,BEERE Ella / BULL Aly,Team,AUS,Australia,2.0,1:41.89,TIME,+0.96,SF,6,
2024-08-06T14:17:02+02:00,CSPWK2-500M-----------QFNL000100--,CSPWK2-500M,Women's Kayak Double 500m,Women's Kayak Double 500m Quarterfinal 1,Quarterfinal 1,FINISHED,W,Canoe Sprint,CSP,Nautical St - Flat water,CSPWK2-500M-ESP01,GARCIA OTERO Carolina / OUZANDE Sara,Team,ESP,Spain,3.0,1:42.03,TIME,+1.10,SF,2,
2024-08-06T14:17:02+02:00,CSPWK2-500M-----------QFNL000100--,CSPWK2-500M,Women's Kayak Double 500m,Women's Kayak Double 500m Quarterfinal 1,Quarterfinal 1,FINISHED,W,Canoe Sprint,CSP,Nautical St - Flat water,CSPWK2-500M-CAN01,STOTT Courtney / DAVISON Natalie,Team,CAN,Canada,4.0,1:42.58,TIME,+1.65,SF,4,
2024-08-06T14:17:02+02:00,CSPWK2-500M-----------QFNL000100--,CSPWK2-500M,Women's Kayak Double 500m,Women's Kayak Double 500m Quarterfinal 1,Quarterfinal 1,FINISHED,W,Canoe Sprint,CSP,Nautical St - Flat water,CSPWK2-500M-DEN01,JORGENSEN Emma Aastrand / MATTHIESEN Frederikke Hauge,Team,DEN,Denmark,5.0,1:42.61,TIME,+1.68,X,5,
2024-08-06T14:17:02+02:00,CSPWK2-500M-----------QFNL000100--,CSPWK2-500M,Women's Kayak Double 500m,Women's Kayak Double 500m Quarterfinal 1,Quarterfinal 1,FINISHED,W,Canoe Sprint,CSP,Nautical St - Flat water,CSPWK2-500M-NOR01,VIRIK Maria / SLETSJOEE Anna Margrete,Team,NOR,Norway,6.0,1:43.28,TIME,+2.35,X,7,
2024-08-06T14:27:12+02:00,CSPWK2-500M-----------QFNL000200--,CSPWK2-500M,Women's Kayak Double 500m,Women's Kayak Double 500m Quarterfinal 2,Quarterfinal 2,FINISHED,W,Canoe Sprint,CSP,Nautical St - Flat water,CSPWK2-500M-HUN01,CSIPES Tamara / GAZSO Alida Dora,Team,HUN,Hungary,1.0,1:40.57,TIME,,SF,5,
2024-08-06T14:27:12+02:00,CSPWK2-500M-----------QFNL000200--,CSPWK2-500M,Women's Kayak Double 500m,Women's Kayak Double 500m Quarterfinal 2,Quarterfinal 2,FINISHED,W,Canoe Sprint,CSP,Nautical St - Flat water,CSPWK2-500M-FRA01,HOSTENS Manon / PAOLETTI Vanina,Team,FRA,France,2.0,1:41.43,TIME,+0.86,SF,6,
2024-08-06T14:27:12+02:00,CSPWK2-500M-----------QFNL000200--,CSPWK2-500M,Women's Kayak Double 500m,Women's Kayak Double 500m Quarterfinal 2,Quarterfinal 2,FINISHED,W,Canoe Sprint,CSP,Nautical St - Flat water,CSPWK2-500M-MEX01,ALANIS MORALES Karina / BRIONES FRAGOZA Beatriz,Team,MEX,Mexico,3.0,1:41.45,TIME,+0.88,SF,2,
2024-08-06T14:27:12+02:00,CSPWK2-500M-----------QFNL000200--,CSPWK2-500M,Women's Kayak Double 500m,Women's Kayak Double 500m Quarterfinal 2,Quarterfinal 2,FINISHED,W,Canoe Sprint,CSP,Nautical St - Flat water,CSPWK2-500M-HUN02,PUPP Noemi / FOJT Sara,Team,HUN,Hungary,4.0,1:41.90,TIME,+1.33,SF,4,
2024-08-06T14:27:12+02:00,CSPWK2-500M-----------QFNL000200--,CSPWK2-500M,Women's Kayak Double 500m,Women's Kayak Double 500m Quarterfinal 2,Quarterfinal 2,FINISHED,W,Canoe Sprint,CSP,Nautical St - Flat water,CSPWK2-500M-NZL02,FISHER Aimee / MATEHAERE Lucy,Team,NZL,New Zealand,5.0,1:44.45,TIME,+3.88,X,3,
2024-08-06T14:27:12+02:00,CSPWK2-500M-----------QFNL000200--,CSPWK2-500M,Women's Kayak Double 500m,Women's Kayak Double 500m Quarterfinal 2,Quarterfinal 2,FINISHED,W,Canoe Sprint,CSP,Nautical St - Flat water,CSPWK2-500M-RSA01,KOCH Tiffany Amber / OLIVIER Esti,Team,RSA,South Africa,6.0,1:46.40,TIME,+5.83,X,7,
2024-08-06T10:27:10+02:00,CSPWK4-500M-----------HEAT000200--,CSPWK4-500M,Women's Kayak Four 500m,Women's Kayak Four 500m Heat 2,Heat 2,FINISHED,W,Canoe Sprint,CSP,Nautical St - Flat water,CSPWK4-500M-GER01,Germany,Team,GER,Germany,1.0,1:32.34,TIME,,FA,5,
2024-08-06T10:27:10+02:00,CSPWK4-500M-----------HEAT000200--,CSPWK4-500M,Women's Kayak Four 500m,Women's Kayak Four 500m Heat 2,Heat 2,FINISHED,W,Canoe Sprint,CSP,Nautical St - Flat water,CSPWK4-500M-HUN01,Hungary,Team,HUN,Hungary,2.0,1:33.42,TIME,+1.08,FA,6,
2024-08-06T10:27:10+02:00,CSPWK4-500M-----------HEAT000200--,CSPWK4-500M,Women's Kayak Four 500m,Women's Kayak Four 500m Heat 2,Heat 2,FINISHED,W,Canoe Sprint,CSP,Nautical St - Flat water,CSPWK4-500M-CHN01,People's Republic of China,Team,CHN,China,3.0,1:33.64,TIME,+1.30,FA,4,
2024-08-06T10:27:10+02:00,CSPWK4-500M-----------HEAT000200--,CSPWK4-500M,Women's Kayak Four 500m,Women's Kayak Four 500m Heat 2,Heat 2,FINISHED,W,Canoe Sprint,CSP,Nautical St - Flat water,CSPWK4-500M-AUS01,Australia,Team,AUS,Australia,4.0,1:34.60,TIME,+2.26,SF,3,
2024-08-06T10:27:10+02:00,CSPWK4-500M-----------HEAT000200--,CSPWK4-500M,Women's Kayak Four 500m,Women's Kayak Four 500m Heat 2,Heat 2,FINISHED,W,Canoe Sprint,CSP,Nautical St - Flat water,CSPWK4-500M-CAN01,Canada,Team,CAN,Canada,5.0,1:37.87,TIME,+5.53,SF,7,
2024-08-06T10:27:12+02:00,CSPWK4-500M-----------HEAT000100--,CSPWK4-500M,Women's Kayak Four 500m,Women's Kayak Four 500m Heat 1,Heat 1,FINISHED,W,Canoe Sprint,CSP,Nautical St - Flat water,CSPWK4-500M-NZL01,New Zealand,Team,NZL,New Zealand,1.0,1:32.40,TIME,,FA,6,
2024-08-06T10:27:12+02:00,CSPWK4-500M-----------HEAT000100--,CSPWK4-500M,Women's Kayak Four 500m,Women's Kayak Four 500m Heat 1,Heat 1,FINISHED,W,Canoe Sprint,CSP,Nautical St - Flat water,CSPWK4-500M-ESP01,Spain,Team,ESP,Spain,2.0,1:32.92,TIME,+0.52,FA,4,
2024-08-06T10:27:12+02:00,CSPWK4-500M-----------HEAT000100--,CSPWK4-500M,Women's Kayak Four 500m,Women's Kayak Four 500m Heat 1,Heat 1,FINISHED,W,Canoe Sprint,CSP,Nautical St - Flat water,CSPWK4-500M-POL01,Poland,Team,POL,Poland,3.0,1:33.87,TIME,+1.47,FA,5,
2024-08-06T10:27:12+02:00,CSPWK4-500M-----------HEAT000100--,CSPWK4-500M,Women's Kayak Four 500m,Women's Kayak Four 500m Heat 1,Heat 1,FINISHED,W,Canoe Sprint,CSP,Nautical St - Flat water,CSPWK4-500M-NOR01,Norway,Team,NOR,Norway,4.0,1:34.28,TIME,+1.88,SF,7,
2024-08-06T10:27:12+02:00,CSPWK4-500M-----------HEAT000100--,CSPWK4-500M,Women's Kayak Four 500m,Women's Kayak Four 500m Heat 1,Heat 1,FINISHED,W,Canoe Sprint,CSP,Nautical St - Flat water,CSPWK4-500M-SRB01,Serbia,Team,SRB,Serbia,5.0,1:36.40,TIME,+4.00,SF,3,
2024-08-07T09:39:03+02:00,CSPWK1-500M-----------HEAT000100--,CSPWK1-500M,Women's Kayak Single 500m,Women's Kayak Single 500m Heat 1,Heat 1,FINISHED,W,Canoe Sprint,CSP,Nautical St - Flat water,1945377,FISHER Aimee,Person,NZL,New Zealand,1.0,1:49.16,TIME,,SF,5,219
2024-08-07T09:39:03+02:00,CSPWK1-500M-----------HEAT000100--,CSPWK1-500M,Women's Kayak Single 500m,Women's Kayak Single 500m Heat 1,Heat 1,FINISHED,W,Canoe Sprint,CSP,Nautical St - Flat water,1910545,ROJAS Brenda,Person,ARG,Argentina,2.0,1:52.68,TIME,+3.52,SF,6,9
2024-08-07T09:39:03+02:00,CSPWK1-500M-----------HEAT000100--,CSPWK1-500M,Women's Kayak Single 500m,Women's Kayak Single 500m Heat 1,Heat 1,FINISHED,W,Canoe Sprint,CSP,Nautical St - Flat water,1904227,GEORGIEVA Yoana,Person,BUL,Bulgaria,3.0,1:55.76,TIME,+6.60,QF,4,33
2024-08-07T09:39:03+02:00,CSPWK1-500M-----------HEAT000100--,CSPWK1-500M,Women's Kayak Single 500m,Women's Kayak Single 500m Heat 1,Heat 1,FINISHED,W,Canoe Sprint,CSP,Nautical St - Flat water,1966875,VORSSELMAN Ruth,Person,NED,Netherlands,4.0,1:56.88,TIME,+7.72,QF,8,204
2024-08-07T09:39:03+02:00,CSPWK1-500M-----------HEAT000100--,CSPWK1-500M,Women's Kayak Single 500m,Women's Kayak Single 500m Heat 1,Heat 1,FINISHED,W,Canoe Sprint,CSP,Nautical St - Flat water,1913786,ROESSELING Enja,Person,GER,Germany,5.0,1:56.88,TIME,+7.72,QF,7,133
2024-08-07T09:39:03+02:00,CSPWK1-500M-----------HEAT000100--,CSPWK1-500M,Women's Kayak Single 500m,Women's Kayak Single 500m Heat 1,Heat 1,FINISHED,W,Canoe Sprint,CSP,Nautical St - Flat water,1878398,ORITSLAND Hedda,Person,NOR,Norway,6.0,1:58.05,TIME,+8.89,QF,2,209
2024-08-07T09:39:03+02:00,CSPWK1-500M-----------HEAT000100--,CSPWK1-500M,Women's Kayak Single 500m,Women's Kayak Single 500m Heat 1,Heat 1,FINISHED,W,Canoe Sprint,CSP,Nautical St - Flat water,1933350,AHMED Samaa,Person,EGY,Egypt,7.0,2:18.52,TIME,+29.36,QF,3,86
2024-08-07T09:47:10+02:00,CSPWK1-500M-----------HEAT000200--,CSPWK1-500M,Women's Kayak Single 500m,Women's Kayak Single 500m Heat 2,Heat 2,FINISHED,W,Canoe Sprint,CSP,Nautical St - Flat water,1568750,GAZSO Alida Dora,Person,HUN,Hungary,1.0,1:50.78,TIME,,SF,2,146
2024-08-07T09:47:10+02:00,CSPWK1-500M-----------HEAT000200--,CSPWK1-500M,Women's Kayak Single 500m,Women's Kayak Single 500m Heat 2,Heat 2,FINISHED,W,Canoe Sprint,CSP,Nautical St - Flat water,1940213,WOOD Alyce,Person,AUS,Australia,2.0,1:51.39,TIME,+0.61,SF,5,22
2024-08-07T09:47:10+02:00,CSPWK1-500M-----------HEAT000200--,CSPWK1-500M,Women's Kayak Single 500m,Women's Kayak Single 500m Heat 2,Heat 2,FINISHED,W,Canoe Sprint,CSP,Nautical St - Flat water,1573880,ANDERSSON Melina,Person,SWE,Sweden,3.0,1:51.84,TIME,+1.06,QF,4,265
2024-08-07T09:47:10+02:00,CSPWK1-500M-----------HEAT000200--,CSPWK1-500M,Women's Kayak Single 500m,Women's Kayak Single 500m Heat 2,Heat 2,FINISHED,W,Canoe Sprint,CSP,Nautical St - Flat water,1927400,YIN Mengdie,Person,CHN,China,4.0,1:52.29,TIME,+1.51,QF,6,65
2024-08-07T09:47:10+02:00,CSPWK1-500M-----------HEAT000200--,CSPWK1-500M,Women's Kayak Single 500m,Women's Kayak Single 500m Heat 2,Heat 2,FINISHED,W,Canoe Sprint,CSP,Nautical St - Flat water,1895630,BROEKX Lize,Person,BEL,Belgium,5.0,1:52.32,TIME,+1.54,QF,8,24
2024-08-07T09:47:10+02:00,CSPWK1-500M-----------HEAT000200--,CSPWK1-500M,Women's Kayak Single 500m,Women's Kayak Single 500m Heat 2,Heat 2,FINISHED,W,Canoe Sprint,CSP,Nautical St - Flat water,1953999,FERNANDEZ Estefania,Person,ESP,Spain,6.0,1:54.74,TIME,+3.96,QF,3,100
2024-08-07T09:47:10+02:00,CSPWK1-500M-----------HEAT000200--,CSPWK1-500M,Women's Kayak Single 500m,Women's Kayak Single 500m Heat 2,Heat 2,FINISHED,W,Canoe Sprint,CSP,Nautical St - Flat water,1894584,SOLTANI Saman,Person,EOR,EOR,7.0,2:02.19,TIME,+11.41,QF,7,89
2024-08-07T09:57:41+02:00,CSPWK1-500M-----------HEAT000300--,CSPWK1-500M,Women's Kayak Single 500m,Women's Kayak Single 500m Heat 3,Heat 3,FINISHED,W,Canoe Sprint,CSP,Nautical St - Flat water,1927401,WANG Nan,Person,CHN,China,1.0,1:51.28,TIME,,SF,2,63
2024-08-07T09:57:41+02:00,CSPWK1-500M-----------HEAT000300--,CSPWK1-500M,Women's Kayak Single 500m,Women's Kayak Single 500m Heat 3,Heat 3,FINISHED,W,Canoe Sprint,CSP,Nautical St - Flat water,1895632,PETERS Hermien,Person,BEL,Belgium,2.0,1:51.46,TIME,+0.18,SF,4,25
2024-08-07T09:57:41+02:00,CSPWK1-500M-----------HEAT000300--,CSPWK1-500M,Women's Kayak Single 500m,Women's Kayak Single 500m Heat 3,Heat 3,FINISHED,W,Canoe Sprint,CSP,Nautical St - Flat water,1942576,PUTTO Dominika,Person,POL,Poland,3.0,1:52.49,TIME,+1.21,QF,8,232
2024-08-07T09:57:41+02:00,CSPWK1-500M-----------HEAT000300--,CSPWK1-500M,Women's Kayak Single 500m,Women's Kayak Single 500m Heat 3,Heat 3,FINISHED,W,Canoe Sprint,CSP,Nautical St - Flat water,1879945,GOVORCINOVIC Anamaria,Person,CRO,Croatia,4.0,1:55.51,TIME,+4.23,QF,5,68
2024-08-07T09:57:41+02:00,CSPWK1-500M-----------HEAT000300--,CSPWK1-500M,Women's Kayak Single 500m,Women's Kayak Single 500m Heat 3,Heat 3,FINISHED,W,Canoe Sprint,CSP,Nautical St - Flat water,1880481,HOSTENS Manon,Person,FRA,France,5.0,1:57.13,TIME,+5.85,QF,6,112
2024-08-07T09:57:41+02:00,CSPWK1-500M-----------HEAT000300--,CSPWK1-500M,Women's Kayak Single 500m,Women's Kayak Single 500m Heat 3,Heat 3,FINISHED,W,Canoe Sprint,CSP,Nautical St - Flat water,1535448,BRIONES FRAGOZA Beatriz,Person,MEX,Mexico,6.0,1:58.10,TIME,+6.82,QF,3,202
2024-08-07T09:57:41+02:00,CSPWK1-500M-----------HEAT000300--,CSPWK1-500M,Women's Kayak Single 500m,Women's Kayak Single 500m Heat 3,Heat 3,FINISHED,W,Canoe Sprint,CSP,Nautical St - Flat water,1887621,TAITINGFONG Raina,Person,GUM,Guam,7.0,2:29.66,TIME,+38.38,QF,7,134
2024-08-07T10:08:06+02:00,CSPWK1-500M-----------HEAT000400--,CSPWK1-500M,Women's Kayak Single 500m,Women's Kayak Single 500m Heat 4,Heat 4,FINISHED,W,Canoe Sprint,CSP,Nautical St - Flat water,1573878,STENSILS Linnea,Person,SWE,Sweden,1.0,1:50.16,TIME,,SF,2,266
2024-08-07T10:08:06+02:00,CSPWK1-500M-----------HEAT000400--,CSPWK1-500M,Women's Kayak Single 500m,Women's Kayak Single 500m Heat 4,Heat 4,FINISHED,W,Canoe Sprint,CSP,Nautical St - Flat water,1948352,NOVAKOVIC Milica,Person,SRB,Serbia,2.0,1:50.37,TIME,+0.21,SF,5,260
2024-08-07T10:08:06+02:00,CSPWK1-500M-----------HEAT000400--,CSPWK1-500M,Women's Kayak Single 500m,Women's Kayak Single 500m Heat 4,Heat 4,FINISHED,W,Canoe Sprint,CSP,Nautical St - Flat water,1878730,PALOUDOVA Anezka,Person,CZE,Czechia,3.0,1:51.90,TIME,+1.74,QF,4,78
2024-08-07T10:08:06+02:00,CSPWK1-500M-----------HEAT000400--,CSPWK1-500M,Women's Kayak Single 500m,Women's Kayak Single 500m Heat 4,Heat 4,FINISHED,W,Canoe Sprint,CSP,Nautical St - Flat water,1897173,POVKH Mariya,Person,UKR,Ukraine,4.0,1:54.13,TIME,+3.97,QF,3,277
2024-08-07T10:08:06+02:00,CSPWK1-500M-----------HEAT000400--,CSPWK1-500M,Women's Kayak Single 500m,Women's Kayak Single 500m Heat 4,Heat 4,FINISHED,W,Canoe Sprint,CSP,Nautical St - Flat water,1952586,VERGUTZ Ana Paula,Person,BRA,Brazil,5.0,1:54.98,TIME,+4.82,QF,6,32
2024-08-07T10:08:06+02:00,CSPWK1-500M-----------HEAT000400--,CSPWK1-500M,Women's Kayak Single 500m,Women's Kayak Single 500m Heat 4,Heat 4,FINISHED,W,Canoe Sprint,CSP,Nautical St - Flat water,1535449,ALANIS MORALES Karina,Person,MEX,Mexico,6.0,1:56.30,TIME,+6.14,QF,8,201
2024-08-07T10:08:06+02:00,CSPWK1-500M-----------HEAT000400--,CSPWK1-500M,Women's Kayak Single 500m,Women's Kayak Single 500m Heat 4,Heat 4,FINISHED,W,Canoe Sprint,CSP,Nautical St - Flat water,1966219,CLIFTON Samalulu,Person,SAM,Samoa,7.0,2:02.12,TIME,+11.96,QF,7,251
2024-08-07T10:20:39+02:00,CSPWK1-500M-----------HEAT000500--,CSPWK1-500M,Women's Kayak Single 500m,Women's Kayak Single 500m Heat 5,Heat 5,FINISHED,W,Canoe Sprint,CSP,Nautical St - Flat water,1945383,CARRINGTON Lisa,Person,NZL,New Zealand,1.0,1:48.51,TIME,,SF,2,218
2024-08-07T10:20:39+02:00,CSPWK1-500M-----------HEAT000500--,CSPWK1-500M,Women's Kayak Single 500m,Women's Kayak Single 500m Heat 5,Heat 5,FINISHED,W,Canoe Sprint,CSP,Nautical St - Flat water,1966877,KONIJN Selma,Person,NED,Netherlands,2.0,1:49.28,TIME,+0.77,SF,3,203
2024-08-07T10:20:39+02:00,CSPWK1-500M-----------HEAT000500--,CSPWK1-500M,Women's Kayak Single 500m,Women's Kayak Single 500m Heat 5,Heat 5,FINISHED,W,Canoe Sprint,CSP,Nautical St - Flat water,1964556,RUSSELL Michelle,Person,CAN,Canada,3.0,1:51.00,TIME,+2.49,QF,5,45
2024-08-07T10:20:39+02:00,CSPWK1-500M-----------HEAT000500--,CSPWK1-500M,Women's Kayak Single 500m,Women's Kayak Single 500m Heat 5,Heat 5,FINISHED,W,Canoe Sprint,CSP,Nautical St - Flat water,1954017,LAZKANO Begona,Person,ESP,Spain,4.0,1:55.54,TIME,+7.03,QF,7,103
2024-08-07T10:20:39+02:00,CSPWK1-500M-----------HEAT000500--,CSPWK1-500M,Women's Kayak Single 500m,Women's Kayak Single 500m Heat 5,Heat 5,FINISHED,W,Canoe Sprint,CSP,Nautical St - Flat water,1908590,OLIVIER Esti,Person,RSA,South Africa,5.0,1:55.98,TIME,+7.47,QF,4,249
2024-08-07T10:20:39+02:00,CSPWK1-500M-----------HEAT000500--,CSPWK1-500M,Women's Kayak Single 500m,Women's Kayak Single 500m Heat 5,Heat 5,FINISHED,W,Canoe Sprint,CSP,Nautical St - Flat water,1545070,SHUBINA Ekaterina,Person,UZB,Uzbekistan,6.0,1:58.37,TIME,+9.86,QF,6,284
2024-08-07T10:32:02+02:00,CSPWK1-500M-----------HEAT000600--,CSPWK1-500M,Women's Kayak Single 500m,Women's Kayak Single 500m Heat 6,Heat 6,FINISHED,W,Canoe Sprint,CSP,Nautical St - Flat water,1568350,CSIPES Tamara,Person,HUN,Hungary,1.0,1:50.21,TIME,,SF,5,144
2024-08-07T10:32:02+02:00,CSPWK1-500M-----------HEAT000600--,CSPWK1-500M,Women's Kayak Single 500m,Women's Kayak Single 500m Heat 6,Heat 6,FINISHED,W,Canoe Sprint,CSP,Nautical St - Flat water,1892423,JORGENSEN Emma Aastrand,Person,DEN,Denmark,2.0,1:50.93,TIME,+0.72,SF,4,84
2024-08-07T10:32:02+02:00,CSPWK1-500M-----------HEAT000600--,CSPWK1-500M,Women's Kayak Single 500m,Women's Kayak Single 500m Heat 6,Heat 6,FINISHED,W,Canoe Sprint,CSP,Nautical St - Flat water,1937435,PORTELA Teresa,Person,POR,Portugal,3.0,1:51.03,TIME,+0.82,QF,6,240
2024-08-07T10:32:02+02:00,CSPWK1-500M-----------HEAT000600--,CSPWK1-500M,Women's Kayak Single 500m,Women's Kayak Single 500m Heat 6,Heat 6,FINISHED,W,Canoe Sprint,CSP,Nautical St - Flat water,1964582,MELANSON Riley,Person,CAN,Canada,4.0,1:54.11,TIME,+3.90,QF,2,44
2024-08-07T10:32:02+02:00,CSPWK1-500M-----------HEAT000600--,CSPWK1-500M,Women's Kayak Single 500m,Women's Kayak Single 500m Heat 6,Heat 6,FINISHED,W,Canoe Sprint,CSP,Nautical St - Flat water,1538662,CHEN Jiexian Stephenie,Person,SGP,Singapore,5.0,1:58.52,TIME,+8.31,QF,3,253
2024-08-07T10:32:02+02:00,CSPWK1-500M-----------HEAT000600--,CSPWK1-500M,Women's Kayak Single 500m,Women's Kayak Single 500m Heat 6,Heat 6,FINISHED,W,Canoe Sprint,CSP,Nautical St - Flat water,1908600,KOCH Tiffany Amber,Person,RSA,South Africa,6.0,2:02.76,TIME,+12.55,QF,7,248
2024-08-07T13:38:46+02:00,CSPWK1-500M-----------QFNL000100--,CSPWK1-500M,Women's Kayak Single 500m,Women's Kayak Single 500m Quarterfinal 1,Quarterfinal 1,FINISHED,W,Canoe Sprint,CSP,Nautical St - Flat water,1895630,BROEKX Lize,Person,BEL,Belgium,1.0,1:49.78,TIME,,SF,3,24
2024-08-07T13:38:46+02:00,CSPWK1-500M-----------QFNL000100--,CSPWK1-500M,Women's Kayak Single 500m,Women's Kayak Single 500m Quarterfinal 1,Quarterfinal 1,FINISHED,W,Canoe Sprint,CSP,Nautical St - Flat water,1964556,RUSSELL Michelle,Person,CAN,Canada,2.0,1:49.79,TIME,+0.01,SF,4,45
2024-08-07T13:38:46+02:00,CSPWK1-500M-----------QFNL000100--,CSPWK1-500M,Women's Kayak Single 500m,Women's Kayak Single 500m Quarterfinal 1,Quarterfinal 1,FINISHED,W,Canoe Sprint,CSP,Nautical St - Flat water,1904227,GEORGIEVA Yoana,Person,BUL,Bulgaria,3.0,1:51.74,TIME,+1.96,SF,5,33
2024-08-07T13:38:46+02:00,CSPWK1-500M-----------QFNL000100--,CSPWK1-500M,Women's Kayak Single 500m,Women's Kayak Single 500m Quarterfinal 1,Quarterfinal 1,FINISHED,W,Canoe Sprint,CSP,Nautical St - Flat water,1879945,GOVORCINOVIC Anamaria,Person,CRO,Croatia,4.0,1:52.92,TIME,+3.14,SF,6,68
2024-08-07T13:38:46+02:00,CSPWK1-500M-----------QFNL000100--,CSPWK1-500M,Women's Kayak Single 500m,Women's Kayak Single 500m Quarterfinal 1,Quarterfinal 1,FINISHED,W,Canoe Sprint,CSP,Nautical St - Flat water,1538662,CHEN Jiexian Stephenie,Person,SGP,Singapore,5.0,1:53.88,TIME,+4.10,SF,7,253
2024-08-07T13:38:46+02:00,CSPWK1-500M-----------QFNL000100--,CSPWK1-500M,Women's Kayak Single 500m,Women's Kayak Single 500m Quarterfinal 1,Quarterfinal 1,FINISHED,W,Canoe Sprint,CSP,Nautical St - Flat water,1545070,SHUBINA Ekaterina,Person,UZB,Uzbekistan,6.0,1:54.63,TIME,+4.85,X,8,284
2024-08-07T13:38:46+02:00,CSPWK1-500M-----------QFNL000100--,CSPWK1-500M,Women's Kayak Single 500m,Women's Kayak Single 500m Quarterfinal 1,Quarterfinal 1,FINISHED,W,Canoe Sprint,CSP,Nautical St - Flat water,1878398,ORITSLAND Hedda,Person,NOR,Norway,7.0,1:56.24,TIME,+6.46,X,2,209
2024-08-07T13:38:46+02:00,CSPWK1-500M-----------QFNL000100--,CSPWK1-500M,Women's Kayak Single 500m,Women's Kayak Single 500m Quarterfinal 1,Quarterfinal 1,FINISHED,W,Canoe Sprint,CSP,Nautical St - Flat water,1966219,CLIFTON Samalulu,Person,SAM,Samoa,8.0,1:59.64,TIME,+9.86,X,1,251
2024-08-07T13:50:05+02:00,CSPWK1-500M-----------QFNL000200--,CSPWK1-500M,Women's Kayak Single 500m,Women's Kayak Single 500m Quarterfinal 2,Quarterfinal 2,FINISHED,W,Canoe Sprint,CSP,Nautical St - Flat water,1573880,ANDERSSON Melina,Person,SWE,Sweden,1.0,1:49.21,TIME,,SF,5,265
2024-08-07T13:50:05+02:00,CSPWK1-500M-----------QFNL000200--,CSPWK1-500M,Women's Kayak Single 500m,Women's Kayak Single 500m Quarterfinal 2,Quarterfinal 2,FINISHED,W,Canoe Sprint,CSP,Nautical St - Flat water,1953999,FERNANDEZ Estefania,Person,ESP,Spain,2.0,1:51.24,TIME,+2.03,SF,7,100
2024-08-07T13:50:05+02:00,CSPWK1-500M-----------QFNL000200--,CSPWK1-500M,Women's Kayak Single 500m,Women's Kayak Single 500m Quarterfinal 2,Quarterfinal 2,FINISHED,W,Canoe Sprint,CSP,Nautical St - Flat water,1897173,POVKH Mariya,Person,UKR,Ukraine,3.0,1:52.09,TIME,+2.88,SF,6,277
2024-08-07T13:50:05+02:00,CSPWK1-500M-----------QFNL000200--,CSPWK1-500M,Women's Kayak Single 500m,Women's Kayak Single 500m Quarterfinal 2,Quarterfinal 2,FINISHED,W,Canoe Sprint,CSP,Nautical St - Flat water,1937435,PORTELA Teresa,Person,POR,Portugal,4.0,1:52.40,TIME,+3.19,SF,4,240
2024-08-07T13:50:05+02:00,CSPWK1-500M-----------QFNL000200--,CSPWK1-500M,Women's Kayak Single 500m,Women's Kayak Single 500m Quarterfinal 2,Quarterfinal 2,FINISHED,W,Canoe Sprint,CSP,Nautical St - Flat water,1880481,HOSTENS Manon,Person,FRA,France,5.0,1:52.82,TIME,+3.61,SF,3,112
2024-08-07T13:50:05+02:00,CSPWK1-500M-----------QFNL000200--,CSPWK1-500M,Women's Kayak Single 500m,Women's Kayak Single 500m Quarterfinal 2,Quarterfinal 2,FINISHED,W,Canoe Sprint,CSP,Nautical St - Flat water,1908600,KOCH Tiffany Amber,Person,RSA,South Africa,6.0,1:56.81,TIME,+7.60,X,2,248
2024-08-07T13:50:05+02:00,CSPWK1-500M-----------QFNL000200--,CSPWK1-500M,Women's Kayak Single 500m,Women's Kayak Single 500m Quarterfinal 2,Quarterfinal 2,FINISHED,W,Canoe Sprint,CSP,Nautical St - Flat water,1933350,AHMED Samaa,Person,EGY,Egypt,7.0,2:14.39,TIME,+25.18,X,8,86
2024-08-07T13:56:56+02:00,CSPWK1-500M-----------QFNL000300--,CSPWK1-500M,Women's Kayak Single 500m,Women's Kayak Single 500m Quarterfinal 3,Quarterfinal 3,FINISHED,W,Canoe Sprint,CSP,Nautical St - Flat water,1942576,PUTTO Dominika,Person,POL,Poland,1.0,1:51.82,TIME,,SF,4,232
2024-08-07T13:56:56+02:00,CSPWK1-500M-----------QFNL000300--,CSPWK1-500M,Women's Kayak Single 500m,Women's Kayak Single 500m Quarterfinal 3,Quarterfinal 3,FINISHED,W,Canoe Sprint,CSP,Nautical St - Flat water,1966875,VORSSELMAN Ruth,Person,NED,Netherlands,2.0,1:52.35,TIME,+0.53,SF,5,204
2024-08-07T13:56:56+02:00,CSPWK1-500M-----------QFNL000300--,CSPWK1-500M,Women's Kayak Single 500m,Women's Kayak Single 500m Quarterfinal 3,Quarterfinal 3,FINISHED,W,Canoe Sprint,CSP,Nautical St - Flat water,1535448,BRIONES FRAGOZA Beatriz,Person,MEX,Mexico,3.0,1:53.05,TIME,+1.23,SF,2,202
2024-08-07T13:56:56+02:00,CSPWK1-500M-----------QFNL000300--,CSPWK1-500M,Women's Kayak Single 500m,Women's Kayak Single 500m Quarterfinal 3,Quarterfinal 3,FINISHED,W,Canoe Sprint,CSP,Nautical St - Flat water,1954017,LAZKANO Begona,Person,ESP,Spain,4.0,1:53.83,TIME,+2.01,SF,3,103
2024-08-07T13:56:56+02:00,CSPWK1-500M-----------QFNL000300--,CSPWK1-500M,Women's Kayak Single 500m,Women's Kayak Single 500m Quarterfinal 3,Quarterfinal 3,FINISHED,W,Canoe Sprint,CSP,Nautical St - Flat water,1952586,VERGUTZ Ana Paula,Person,BRA,Brazil,5.0,1:56.09,TIME,+4.27,SF,6,32
2024-08-07T13:56:56+02:00,CSPWK1-500M-----------QFNL000300--,CSPWK1-500M,Women's Kayak Single 500m,Women's Kayak Single 500m Quarterfinal 3,Quarterfinal 3,FINISHED,W,Canoe Sprint,CSP,Nautical St - Flat water,1894584,SOLTANI Saman,Person,EOR,EOR,6.0,2:01.43,TIME,+9.61,X,7,89
2024-08-07T14:08:10+02:00,CSPWK1-500M-----------QFNL000400--,CSPWK1-500M,Women's Kayak Single 500m,Women's Kayak Single 500m Quarterfinal 4,Quarterfinal 4,FINISHED,W,Canoe Sprint,CSP,Nautical St - Flat water,1878730,PALOUDOVA Anezka,Person,CZE,Czechia,1.0,1:49.43,TIME,,SF,4,78
2024-08-07T14:08:10+02:00,CSPWK1-500M-----------QFNL000400--,CSPWK1-500M,Women's Kayak Single 500m,Women's Kayak Single 500m Quarterfinal 4,Quarterfinal 4,FINISHED,W,Canoe Sprint,CSP,Nautical St - Flat water,1927400,YIN Mengdie,Person,CHN,China,2.0,1:49.74,TIME,+0.31,SF,5,65
2024-08-07T14:08:10+02:00,CSPWK1-500M-----------QFNL000400--,CSPWK1-500M,Women's Kayak Single 500m,Women's Kayak Single 500m Quarterfinal 4,Quarterfinal 4,FINISHED,W,Canoe Sprint,CSP,Nautical St - Flat water,1964582,MELANSON Riley,Person,CAN,Canada,3.0,1:50.16,TIME,+0.73,SF,3,44
2024-08-07T14:08:10+02:00,CSPWK1-500M-----------QFNL000400--,CSPWK1-500M,Women's Kayak Single 500m,Women's Kayak Single 500m Quarterfinal 4,Quarterfinal 4,FINISHED,W,Canoe Sprint,CSP,Nautical St - Flat water,1913786,ROESSELING Enja,Person,GER,Germany,4.0,1:52.74,TIME,+3.31,SF,6,133
2024-08-07T14:08:10+02:00,CSPWK1-500M-----------QFNL000400--,CSPWK1-500M,Women's Kayak Single 500m,Women's Kayak Single 500m Quarterfinal 4,Quarterfinal 4,FINISHED,W,Canoe Sprint,CSP,Nautical St - Flat water,1535449,ALANIS MORALES Karina,Person,MEX,Mexico,5.0,1:52.86,TIME,+3.43,SF,7,201
2024-08-07T14:08:10+02:00,CSPWK1-500M-----------QFNL000400--,CSPWK1-500M,Women's Kayak Single 500m,Women's Kayak Single 500m Quarterfinal 4,Quarterfinal 4,FINISHED,W,Canoe Sprint,CSP,Nautical St - Flat water,1908590,OLIVIER Esti,Person,RSA,South Africa,6.0,1:53.21,TIME,+3.78,X,2,249
2024-08-07T14:08:10+02:00,CSPWK1-500M-----------QFNL000400--,CSPWK1-500M,Women's Kayak Single 500m,Women's Kayak Single 500m Quarterfinal 4,Quarterfinal 4,FINISHED,W,Canoe Sprint,CSP,Nautical St - Flat water,1887621,TAITINGFONG Raina,Person,GUM,Guam,7.0,2:27.03,TIME,+37.60,X,1,134
