date,stage_code,event_code,event_name,event_stage,stage,stage_status,gender,discipline_name,discipline_code,venue,participant_code,participant_name,participant_type,participant_country_code,participant_country,rank,result,result_type,result_IRM,result_diff,qualification_mark,start_order,bib
2024-08-07T13:26:28+02:00,CTRMSPRINT------------QUAL000100--,CTRMSPRINT,Men's Sprint,"Men's Sprint, Qualifying",Qualifying,FINISHED,M,Cycling Track,CTR,National Velodrome,1969182,LAVREYSEN Harrie,Person,NED,Netherlands,1.0,9.088,TIME,,,Q,30,208
2024-08-07T13:26:28+02:00,CTRMSPRINT------------QUAL000100--,CTRMSPRINT,Men's Sprint,"Men's Sprint, Qualifying",Qualifying,FINISHED,M,Cycling Track,CTR,National Velodrome,1940263,RICHARDSON Matthew,Person,AUS,Australia,2.0,9.091,TIME,,+0.003,Q,26,86
2024-08-07T13:26:28+02:00,CTRMSPRINT------------QUAL000100--,CTRMSPRINT,Men's Sprint,"Men's Sprint, Qualifying",Qualifying,FINISHED,M,Cycling Track,CTR,National Velodrome,1898251,YAKOVLEV Mikhail,Person,ISR,Israel,3.0,9.152,TIME,,+0.064,Q,24,176
2024-08-07T13:26:28+02:00,CTRMSPRINT------------QUAL000100--,CTRMSPRINT,Men's Sprint,"Men's Sprint, Qualifying",Qualifying,FINISHED,M,Cycling Track,CTR,National Velodrome,1940260,HOFFMAN Leigh,Person,AUS,Australia,4.0,9.242,TIME,,+0.154,Q,13,82
2024-08-07T13:26:28+02:00,CTRMSPRINT------------QUAL000100--,CTRMSPRINT,Men's Sprint,"Men's Sprint, Qualifying",Qualifying,FINISHED,M,Cycling Track,CTR,National Velodrome,1912515,CARLIN Jack,Person,GBR,Great Britain,5.0,9.247,TIME,,+0.159,Q,28,144
2024-08-07T13:26:28+02:00,CTRMSPRINT------------QUAL000100--,CTRMSPRINT,Men's Sprint,"Men's Sprint, Qualifying",Qualifying,FINISHED,M,Cycling Track,CTR,National Velodrome,1969203,HOOGLAND Jeffrey,Person,NED,Netherlands,6.0,9.293,TIME,,+0.205,Q,29,207
2024-08-07T13:26:28+02:00,CTRMSPRINT------------QUAL000100--,CTRMSPRINT,Men's Sprint,"Men's Sprint, Qualifying",Qualifying,FINISHED,M,Cycling Track,CTR,National Velodrome,1912568,TURNBULL Hamish,Person,GBR,Great Britain,7.0,9.346,TIME,,+0.258,Q,8,149
2024-08-07T13:26:28+02:00,CTRMSPRINT------------QUAL000100--,CTRMSPRINT,Men's Sprint,"Men's Sprint, Qualifying",Qualifying,FINISHED,M,Cycling Track,CTR,National Velodrome,1945738,OTA Kaiya,Person,JPN,Japan,8.0,9.350,TIME,,+0.262,Q,22,192
2024-08-07T13:26:28+02:00,CTRMSPRINT------------QUAL000100--,CTRMSPRINT,Men's Sprint,"Men's Sprint, Qualifying",Qualifying,FINISHED,M,Cycling Track,CTR,National Velodrome,1912786,PAUL Nicholas,Person,TTO,Trinidad and Tobago,9.0,9.371,TIME,,+0.283,Q,25,242
2024-08-07T13:26:28+02:00,CTRMSPRINT------------QUAL000100--,CTRMSPRINT,Men's Sprint,"Men's Sprint, Qualifying",Qualifying,FINISHED,M,Cycling Track,CTR,National Velodrome,1550227,AWANG Mohd Azizulhasni,Person,MAS,Malaysia,10.0,9.402,TIME,,+0.314,Q,19,200
2024-08-07T13:26:28+02:00,CTRMSPRINT------------QUAL000100--,CTRMSPRINT,Men's Sprint,"Men's Sprint, Qualifying",Qualifying,FINISHED,M,Cycling Track,CTR,National Velodrome,1572958,RUDYK Mateusz,Person,POL,Poland,11.0,9.416,TIME,,+0.328,Q,27,229
2024-08-07T13:26:28+02:00,CTRMSPRINT------------QUAL000100--,CTRMSPRINT,Men's Sprint,"Men's Sprint, Qualifying",Qualifying,FINISHED,M,Cycling Track,CTR,National Velodrome,1543501,ORTEGA FONTALVO Cristian David,Person,COL,Colombia,12.0,9.426,TIME,,+0.338,Q,11,122
2024-08-07T13:26:28+02:00,CTRMSPRINT------------QUAL000100--,CTRMSPRINT,Men's Sprint,"Men's Sprint, Qualifying",Qualifying,FINISHED,M,Cycling Track,CTR,National Velodrome,1895684,HELAL Rayan,Person,FRA,France,13.0,9.447,TIME,,+0.359,Q,16,133
2024-08-07T13:26:28+02:00,CTRMSPRINT------------QUAL000100--,CTRMSPRINT,Men's Sprint,"Men's Sprint, Qualifying",Qualifying,FINISHED,M,Cycling Track,CTR,National Velodrome,1945073,DAKIN Sam,Person,NZL,New Zealand,14.0,9.470,TIME,,+0.382,Q,10,216
2024-08-07T13:26:28+02:00,CTRMSPRINT------------QUAL000100--,CTRMSPRINT,Men's Sprint,"Men's Sprint, Qualifying",Qualifying,FINISHED,M,Cycling Track,CTR,National Velodrome,1889773,SPIEGEL Luca,Person,GER,Germany,15.0,9.479,TIME,,+0.391,Q,6,165
2024-08-07T13:26:28+02:00,CTRMSPRINT------------QUAL000100--,CTRMSPRINT,Men's Sprint,"Men's Sprint, Qualifying",Qualifying,FINISHED,M,Cycling Track,CTR,National Velodrome,1945746,OBARA Yuta,Person,JPN,Japan,16.0,9.483,TIME,,+0.395,Q,14,191
2024-08-07T13:26:28+02:00,CTRMSPRINT------------QUAL000100--,CTRMSPRINT,Men's Sprint,"Men's Sprint, Qualifying",Qualifying,FINISHED,M,Cycling Track,CTR,National Velodrome,1895722,VIGIER Sebastien,Person,FRA,France,17.0,9.501,TIME,,+0.413,Q,17,137
2024-08-07T13:26:28+02:00,CTRMSPRINT------------QUAL000100--,CTRMSPRINT,Men's Sprint,"Men's Sprint, Qualifying",Qualifying,FINISHED,M,Cycling Track,CTR,National Velodrome,1920643,ZHOU Yu,Person,CHN,China,18.0,9.514,TIME,,+0.426,Q,4,117
2024-08-07T13:26:28+02:00,CTRMSPRINT------------QUAL000100--,CTRMSPRINT,Men's Sprint,"Men's Sprint, Qualifying",Qualifying,FINISHED,M,Cycling Track,CTR,National Velodrome,1943997,LENDEL Vasilijus,Person,LTU,Lithuania,19.0,9.581,TIME,,+0.493,Q,23,199
2024-08-07T13:26:28+02:00,CTRMSPRINT------------QUAL000100--,CTRMSPRINT,Men's Sprint,"Men's Sprint, Qualifying",Qualifying,FINISHED,M,Cycling Track,CTR,National Velodrome,1966717,RORKE Tyler,Person,CAN,Canada,20.0,9.603,TIME,,+0.515,Q,5,105
2024-08-07T13:26:28+02:00,CTRMSPRINT------------QUAL000100--,CTRMSPRINT,Men's Sprint,"Men's Sprint, Qualifying",Qualifying,FINISHED,M,Cycling Track,CTR,National Velodrome,1966697,WAMMES Nick,Person,CAN,Canada,21.0,9.612,TIME,,+0.524,Q,12,106
2024-08-07T13:26:28+02:00,CTRMSPRINT------------QUAL000100--,CTRMSPRINT,Men's Sprint,"Men's Sprint, Qualifying",Qualifying,FINISHED,M,Cycling Track,CTR,National Velodrome,1550228,SAHROM Muhammad Shah Firdaus,Person,MAS,Malaysia,22.0,9.635,TIME,,+0.547,Q,15,201
2024-08-07T13:26:28+02:00,CTRMSPRINT------------QUAL000100--,CTRMSPRINT,Men's Sprint,"Men's Sprint, Qualifying",Qualifying,FINISHED,M,Cycling Track,CTR,National Velodrome,1569377,TJON EN FA Jair,Person,SUR,Suriname,23.0,9.637,TIME,,+0.549,Q,21,239
2024-08-07T13:26:28+02:00,CTRMSPRINT------------QUAL000100--,CTRMSPRINT,Men's Sprint,"Men's Sprint, Qualifying",Qualifying,FINISHED,M,Cycling Track,CTR,National Velodrome,1889698,DOERNBACH Maximilian,Person,GER,Germany,24.0,9.655,TIME,,+0.567,Q,20,161
2024-08-07T13:26:28+02:00,CTRMSPRINT------------QUAL000100--,CTRMSPRINT,Men's Sprint,"Men's Sprint, Qualifying",Qualifying,FINISHED,M,Cycling Track,CTR,National Velodrome,1543498,QUINTERO CHAVARRO Kevin Santiago,Person,COL,Colombia,25.0,9.669,TIME,,+0.581,,18,123
2024-08-07T13:26:28+02:00,CTRMSPRINT------------QUAL000100--,CTRMSPRINT,Men's Sprint,"Men's Sprint, Qualifying",Qualifying,FINISHED,M,Cycling Track,CTR,National Velodrome,1912790,BROWNE Kwesi,Person,TTO,Trinidad and Tobago,26.0,9.773,TIME,,+0.685,,3,241
2024-08-07T13:26:28+02:00,CTRMSPRINT------------QUAL000100--,CTRMSPRINT,Men's Sprint,"Men's Sprint, Qualifying",Qualifying,FINISHED,M,Cycling Track,CTR,National Velodrome,1918609,ANGSUTHASAWIT Jai,Person,THA,Thailand,27.0,9.898,TIME,,+0.810,,2,240
2024-08-07T13:26:28+02:00,CTRMSPRINT------------QUAL000100--,CTRMSPRINT,Men's Sprint,"Men's Sprint, Qualifying",Qualifying,FINISHED,M,Cycling Track,CTR,National Velodrome,1920646,LIU Qi,Person,CHN,China,28.0,9.904,TIME,,+0.816,,1,116
2024-08-07T13:26:28+02:00,CTRMSPRINT------------QUAL000100--,CTRMSPRINT,Men's Sprint,"Men's Sprint, Qualifying",Qualifying,FINISHED,M,Cycling Track,CTR,National Velodrome,1943616,SPIES Jean,Person,RSA,South Africa,29.0,9.962,TIME,,+0.874,,9,236
2024-08-07T13:26:28+02:00,CTRMSPRINT------------QUAL000100--,CTRMSPRINT,Men's Sprint,"Men's Sprint, Qualifying",Qualifying,FINISHED,M,Cycling Track,CTR,National Velodrome,1928198,CHUGAY Andrey,Person,KAZ,Kazakhstan,30.0,10.047,TIME,,+0.959,,7,198
2024-08-07T15:14:27+02:00,CTRMSPRINT------------R64-001000--,CTRMSPRINT,Men's Sprint,"Men's Sprint, 1/32 Finals - Heat 10",Heat 10,FINISHED,M,Cycling Track,CTR,National Velodrome,1550227,AWANG Mohd Azizulhasni,Person,MAS,Malaysia,1.0,,,,,Q1/16,10,200
2024-08-07T15:14:27+02:00,CTRMSPRINT------------R64-001000--,CTRMSPRINT,Men's Sprint,"Men's Sprint, 1/32 Finals - Heat 10",Heat 10,FINISHED,M,Cycling Track,CTR,National Velodrome,1889773,SPIEGEL Luca,Person,GER,Germany,2.0,,,,,R,10,165
2024-08-07T15:14:27+02:00,CTRMSPRINT------------R64-001100--,CTRMSPRINT,Men's Sprint,"Men's Sprint, 1/32 Finals - Heat 11",Heat 11,FINISHED,M,Cycling Track,CTR,National Velodrome,1572958,RUDYK Mateusz,Person,POL,Poland,1.0,,,,,Q1/16,11,229
2024-08-07T15:14:27+02:00,CTRMSPRINT------------R64-001100--,CTRMSPRINT,Men's Sprint,"Men's Sprint, 1/32 Finals - Heat 11",Heat 11,FINISHED,M,Cycling Track,CTR,National Velodrome,1945073,DAKIN Sam,Person,NZL,New Zealand,2.0,,,,,R,11,216
2024-08-07T15:14:27+02:00,CTRMSPRINT------------R64-000700--,CTRMSPRINT,Men's Sprint,"Men's Sprint, 1/32 Finals - Heat 7",Heat 7,FINISHED,M,Cycling Track,CTR,National Velodrome,1912568,TURNBULL Hamish,Person,GBR,Great Britain,1.0,,,,,Q1/16,7,149
2024-08-07T15:14:27+02:00,CTRMSPRINT------------R64-000700--,CTRMSPRINT,Men's Sprint,"Men's Sprint, 1/32 Finals - Heat 7",Heat 7,FINISHED,M,Cycling Track,CTR,National Velodrome,1920643,ZHOU Yu,Person,CHN,China,2.0,,,,,R,7,117
2024-08-07T15:14:27+02:00,CTRMSPRINT------------R64-000600--,CTRMSPRINT,Men's Sprint,"Men's Sprint, 1/32 Finals - Heat 6",Heat 6,FINISHED,M,Cycling Track,CTR,National Velodrome,1969203,HOOGLAND Jeffrey,Person,NED,Netherlands,1.0,,,,,Q1/16,6,207
2024-08-07T15:14:27+02:00,CTRMSPRINT------------R64-000600--,CTRMSPRINT,Men's Sprint,"Men's Sprint, 1/32 Finals - Heat 6",Heat 6,FINISHED,M,Cycling Track,CTR,National Velodrome,1943997,LENDEL Vasilijus,Person,LTU,Lithuania,2.0,,,,,R,6,199
2024-08-07T15:14:27+02:00,CTRMSPRINT------------R64-000100--,CTRMSPRINT,Men's Sprint,"Men's Sprint, 1/32 Finals - Heat 1",Heat 1,FINISHED,M,Cycling Track,CTR,National Velodrome,1969182,LAVREYSEN Harrie,Person,NED,Netherlands,1.0,,,,,Q1/16,1,208
2024-08-07T15:14:27+02:00,CTRMSPRINT------------R64-000100--,CTRMSPRINT,Men's Sprint,"Men's Sprint, 1/32 Finals - Heat 1",Heat 1,FINISHED,M,Cycling Track,CTR,National Velodrome,1889698,DOERNBACH Maximilian,Person,GER,Germany,2.0,,,,,R,1,161
2024-08-07T15:14:27+02:00,CTRMSPRINT------------R64-000400--,CTRMSPRINT,Men's Sprint,"Men's Sprint, 1/32 Finals - Heat 4",Heat 4,FINISHED,M,Cycling Track,CTR,National Velodrome,1940260,HOFFMAN Leigh,Person,AUS,Australia,1.0,,,,,Q1/16,4,82
2024-08-07T15:14:27+02:00,CTRMSPRINT------------R64-000400--,CTRMSPRINT,Men's Sprint,"Men's Sprint, 1/32 Finals - Heat 4",Heat 4,FINISHED,M,Cycling Track,CTR,National Velodrome,1966697,WAMMES Nick,Person,CAN,Canada,2.0,,,,,R,4,106
2024-08-07T15:14:27+02:00,CTRMSPRINT------------R64-000500--,CTRMSPRINT,Men's Sprint,"Men's Sprint, 1/32 Finals - Heat 5",Heat 5,FINISHED,M,Cycling Track,CTR,National Velodrome,1912515,CARLIN Jack,Person,GBR,Great Britain,1.0,,,,,Q1/16,5,144
2024-08-07T15:14:27+02:00,CTRMSPRINT------------R64-000500--,CTRMSPRINT,Men's Sprint,"Men's Sprint, 1/32 Finals - Heat 5",Heat 5,FINISHED,M,Cycling Track,CTR,National Velodrome,1966717,RORKE Tyler,Person,CAN,Canada,2.0,,,,,R,5,105
2024-08-07T15:14:27+02:00,CTRMSPRINT------------R64-001200--,CTRMSPRINT,Men's Sprint,"Men's Sprint, 1/32 Finals - Heat 12",Heat 12,FINISHED,M,Cycling Track,CTR,National Velodrome,1543501,ORTEGA FONTALVO Cristian David,Person,COL,Colombia,1.0,,,,,Q1/16,12,122
2024-08-07T15:14:27+02:00,CTRMSPRINT------------R64-001200--,CTRMSPRINT,Men's Sprint,"Men's Sprint, 1/32 Finals - Heat 12",Heat 12,FINISHED,M,Cycling Track,CTR,National Velodrome,1895684,HELAL Rayan,Person,FRA,France,2.0,,,,,R,12,133
2024-08-07T15:14:27+02:00,CTRMSPRINT------------R64-000300--,CTRMSPRINT,Men's Sprint,"Men's Sprint, 1/32 Finals - Heat 3",Heat 3,FINISHED,M,Cycling Track,CTR,National Velodrome,1898251,YAKOVLEV Mikhail,Person,ISR,Israel,1.0,,,,,Q1/16,3,176
2024-08-07T15:14:27+02:00,CTRMSPRINT------------R64-000300--,CTRMSPRINT,Men's Sprint,"Men's Sprint, 1/32 Finals - Heat 3",Heat 3,FINISHED,M,Cycling Track,CTR,National Velodrome,1550228,SAHROM Muhammad Shah Firdaus,Person,MAS,Malaysia,2.0,,,,,R,3,201
2024-08-07T15:14:27+02:00,CTRMSPRINT------------R64-000200--,CTRMSPRINT,Men's Sprint,"Men's Sprint, 1/32 Finals - Heat 2",Heat 2,FINISHED,M,Cycling Track,CTR,National Velodrome,1940263,RICHARDSON Matthew,Person,AUS,Australia,1.0,,,,,Q1/16,2,86
2024-08-07T15:14:27+02:00,CTRMSPRINT------------R64-000200--,CTRMSPRINT,Men's Sprint,"Men's Sprint, 1/32 Finals - Heat 2",Heat 2,FINISHED,M,Cycling Track,CTR,National Velodrome,1569377,TJON EN FA Jair,Person,SUR,Suriname,2.0,,,,,R,2,239
2024-08-07T15:14:27+02:00,CTRMSPRINT------------R64-000900--,CTRMSPRINT,Men's Sprint,"Men's Sprint, 1/32 Finals - Heat 9",Heat 9,FINISHED,M,Cycling Track,CTR,National Velodrome,1912786,PAUL Nicholas,Person,TTO,Trinidad and Tobago,1.0,,,,,Q1/16,9,242
2024-08-07T15:14:27+02:00,CTRMSPRINT------------R64-000900--,CTRMSPRINT,Men's Sprint,"Men's Sprint, 1/32 Finals - Heat 9",Heat 9,FINISHED,M,Cycling Track,CTR,National Velodrome,1945746,OBARA Yuta,Person,JPN,Japan,2.0,,,,,R,9,191
2024-08-07T15:14:27+02:00,CTRMSPRINT------------R64-000800--,CTRMSPRINT,Men's Sprint,"Men's Sprint, 1/32 Finals - Heat 8",Heat 8,FINISHED,M,Cycling Track,CTR,National Velodrome,1945738,OTA Kaiya,Person,JPN,Japan,1.0,,,,,Q1/16,8,192
2024-08-07T15:14:27+02:00,CTRMSPRINT------------R64-000800--,CTRMSPRINT,Men's Sprint,"Men's Sprint, 1/32 Finals - Heat 8",Heat 8,FINISHED,M,Cycling Track,CTR,National Velodrome,1895722,VIGIER Sebastien,Person,FRA,France,2.0,,,,,R,8,137
2024-08-07T15:50:32+02:00,CTRMSPRINT------------REP1000100--,CTRMSPRINT,Men's Sprint,"Men's Sprint, 1/32 Finals Repechages - Heat 1",Heat 1,FINISHED,M,Cycling Track,CTR,National Velodrome,1945746,OBARA Yuta,Person,JPN,Japan,1.0,,,,,Q1/16,1,191
2024-08-07T15:50:32+02:00,CTRMSPRINT------------REP1000100--,CTRMSPRINT,Men's Sprint,"Men's Sprint, 1/32 Finals Repechages - Heat 1",Heat 1,FINISHED,M,Cycling Track,CTR,National Velodrome,1889698,DOERNBACH Maximilian,Person,GER,Germany,2.0,,,,,,1,161
2024-08-07T15:50:32+02:00,CTRMSPRINT------------REP1000100--,CTRMSPRINT,Men's Sprint,"Men's Sprint, 1/32 Finals Repechages - Heat 1",Heat 1,FINISHED,M,Cycling Track,CTR,National Velodrome,1895722,VIGIER Sebastien,Person,FRA,France,3.0,,,,,,1,137
2024-08-07T15:50:32+02:00,CTRMSPRINT------------REP1000300--,CTRMSPRINT,Men's Sprint,"Men's Sprint, 1/32 Finals Repechages - Heat 3",Heat 3,FINISHED,M,Cycling Track,CTR,National Velodrome,1943997,LENDEL Vasilijus,Person,LTU,Lithuania,1.0,,,,,Q1/16,3,199
2024-08-07T15:50:32+02:00,CTRMSPRINT------------REP1000300--,CTRMSPRINT,Men's Sprint,"Men's Sprint, 1/32 Finals Repechages - Heat 3",Heat 3,FINISHED,M,Cycling Track,CTR,National Velodrome,1550228,SAHROM Muhammad Shah Firdaus,Person,MAS,Malaysia,2.0,,,,,,3,201
2024-08-07T15:50:32+02:00,CTRMSPRINT------------REP1000300--,CTRMSPRINT,Men's Sprint,"Men's Sprint, 1/32 Finals Repechages - Heat 3",Heat 3,FINISHED,M,Cycling Track,CTR,National Velodrome,1945073,DAKIN Sam,Person,NZL,New Zealand,3.0,,,,,,3,216
2024-08-07T15:50:32+02:00,CTRMSPRINT------------REP1000200--,CTRMSPRINT,Men's Sprint,"Men's Sprint, 1/32 Finals Repechages - Heat 2",Heat 2,FINISHED,M,Cycling Track,CTR,National Velodrome,1569377,TJON EN FA Jair,Person,SUR,Suriname,1.0,,,,,Q1/16,2,239
2024-08-07T15:50:32+02:00,CTRMSPRINT------------REP1000200--,CTRMSPRINT,Men's Sprint,"Men's Sprint, 1/32 Finals Repechages - Heat 2",Heat 2,FINISHED,M,Cycling Track,CTR,National Velodrome,1889773,SPIEGEL Luca,Person,GER,Germany,2.0,,,,,,2,165
2024-08-07T15:50:32+02:00,CTRMSPRINT------------REP1000200--,CTRMSPRINT,Men's Sprint,"Men's Sprint, 1/32 Finals Repechages - Heat 2",Heat 2,FINISHED,M,Cycling Track,CTR,National Velodrome,1920643,ZHOU Yu,Person,CHN,China,3.0,,,,,,2,117
2024-08-07T15:50:32+02:00,CTRMSPRINT------------REP1000400--,CTRMSPRINT,Men's Sprint,"Men's Sprint, 1/32 Finals Repechages - Heat 4",Heat 4,FINISHED,M,Cycling Track,CTR,National Velodrome,1895684,HELAL Rayan,Person,FRA,France,1.0,,,,,Q1/16,4,133
2024-08-07T15:50:32+02:00,CTRMSPRINT------------REP1000400--,CTRMSPRINT,Men's Sprint,"Men's Sprint, 1/32 Finals Repechages - Heat 4",Heat 4,FINISHED,M,Cycling Track,CTR,National Velodrome,1966717,RORKE Tyler,Person,CAN,Canada,2.0,,,,,,4,105
2024-08-07T15:50:32+02:00,CTRMSPRINT------------REP1000400--,CTRMSPRINT,Men's Sprint,"Men's Sprint, 1/32 Finals Repechages - Heat 4",Heat 4,FINISHED,M,Cycling Track,CTR,National Velodrome,1966697,WAMMES Nick,Person,CAN,Canada,3.0,,,,,,4,106
2024-08-07T18:02:34+02:00,CTRMSPRINT------------R32-000400--,CTRMSPRINT,Men's Sprint,"Men's Sprint, 1/16 Finals - Heat 4",Heat 4,FINISHED,M,Cycling Track,CTR,National Velodrome,1940260,HOFFMAN Leigh,Person,AUS,Australia,1.0,,,,,Q1/8,4,82
2024-08-07T18:02:34+02:00,CTRMSPRINT------------R32-000400--,CTRMSPRINT,Men's Sprint,"Men's Sprint, 1/16 Finals - Heat 4",Heat 4,FINISHED,M,Cycling Track,CTR,National Velodrome,1945746,OBARA Yuta,Person,JPN,Japan,2.0,,,,,R,4,191
2024-08-07T18:02:34+02:00,CTRMSPRINT------------R32-000500--,CTRMSPRINT,Men's Sprint,"Men's Sprint, 1/16 Finals - Heat 5",Heat 5,FINISHED,M,Cycling Track,CTR,National Velodrome,1912515,CARLIN Jack,Person,GBR,Great Britain,1.0,,,,,Q1/8,5,144
2024-08-07T18:02:34+02:00,CTRMSPRINT------------R32-000500--,CTRMSPRINT,Men's Sprint,"Men's Sprint, 1/16 Finals - Heat 5",Heat 5,FINISHED,M,Cycling Track,CTR,National Velodrome,1543501,ORTEGA FONTALVO Cristian David,Person,COL,Colombia,2.0,,,,,R,5,122
2024-08-07T18:02:34+02:00,CTRMSPRINT------------R32-000800--,CTRMSPRINT,Men's Sprint,"Men's Sprint, 1/16 Finals - Heat 8",Heat 8,FINISHED,M,Cycling Track,CTR,National Velodrome,1912786,PAUL Nicholas,Person,TTO,Trinidad and Tobago,1.0,,,,,Q1/8,8,242
2024-08-07T18:02:34+02:00,CTRMSPRINT------------R32-000800--,CTRMSPRINT,Men's Sprint,"Men's Sprint, 1/16 Finals - Heat 8",Heat 8,FINISHED,M,Cycling Track,CTR,National Velodrome,1945738,OTA Kaiya,Person,JPN,Japan,2.0,,,,,R,8,192
2024-08-07T18:02:34+02:00,CTRMSPRINT------------R32-000300--,CTRMSPRINT,Men's Sprint,"Men's Sprint, 1/16 Finals - Heat 3",Heat 3,FINISHED,M,Cycling Track,CTR,National Velodrome,1898251,YAKOVLEV Mikhail,Person,ISR,Israel,1.0,,,,,Q1/8,3,176
2024-08-07T18:02:34+02:00,CTRMSPRINT------------R32-000300--,CTRMSPRINT,Men's Sprint,"Men's Sprint, 1/16 Finals - Heat 3",Heat 3,FINISHED,M,Cycling Track,CTR,National Velodrome,1569377,TJON EN FA Jair,Person,SUR,Suriname,2.0,,,,,R,3,239
2024-08-07T18:02:34+02:00,CTRMSPRINT------------R32-000200--,CTRMSPRINT,Men's Sprint,"Men's Sprint, 1/16 Finals - Heat 2",Heat 2,FINISHED,M,Cycling Track,CTR,National Velodrome,1940263,RICHARDSON Matthew,Person,AUS,Australia,1.0,,,,,Q1/8,2,86
2024-08-07T18:02:34+02:00,CTRMSPRINT------------R32-000200--,CTRMSPRINT,Men's Sprint,"Men's Sprint, 1/16 Finals - Heat 2",Heat 2,FINISHED,M,Cycling Track,CTR,National Velodrome,1943997,LENDEL Vasilijus,Person,LTU,Lithuania,2.0,,,,,R,2,199
2024-08-07T18:02:34+02:00,CTRMSPRINT------------R32-000700--,CTRMSPRINT,Men's Sprint,"Men's Sprint, 1/16 Finals - Heat 7",Heat 7,FINISHED,M,Cycling Track,CTR,National Velodrome,1550227,AWANG Mohd Azizulhasni,Person,MAS,Malaysia,1.0,,,,,Q1/8,7,200
2024-08-07T18:02:34+02:00,CTRMSPRINT------------R32-000700--,CTRMSPRINT,Men's Sprint,"Men's Sprint, 1/16 Finals - Heat 7",Heat 7,FINISHED,M,Cycling Track,CTR,National Velodrome,1912568,TURNBULL Hamish,Person,GBR,Great Britain,2.0,,,,,R,7,149
2024-08-07T18:02:34+02:00,CTRMSPRINT------------R32-000600--,CTRMSPRINT,Men's Sprint,"Men's Sprint, 1/16 Finals - Heat 6",Heat 6,FINISHED,M,Cycling Track,CTR,National Velodrome,1969203,HOOGLAND Jeffrey,Person,NED,Netherlands,1.0,,,,,Q1/8,6,207
2024-08-07T18:02:34+02:00,CTRMSPRINT------------R32-000600--,CTRMSPRINT,Men's Sprint,"Men's Sprint, 1/16 Finals - Heat 6",Heat 6,FINISHED,M,Cycling Track,CTR,National Velodrome,1572958,RUDYK Mateusz,Person,POL,Poland,2.0,,,,,R,6,229
2024-08-07T18:02:34+02:00,CTRMSPRINT------------R32-000100--,CTRMSPRINT,Men's Sprint,"Men's Sprint, 1/16 Finals - Heat 1",Heat 1,FINISHED,M,Cycling Track,CTR,National Velodrome,1969182,LAVREYSEN Harrie,Person,NED,Netherlands,1.0,,,,,Q1/8,1,208
2024-08-07T18:02:34+02:00,CTRMSPRINT------------R32-000100--,CTRMSPRINT,Men's Sprint,"Men's Sprint, 1/16 Finals - Heat 1",Heat 1,FINISHED,M,Cycling Track,CTR,National Velodrome,1895684,HELAL Rayan,Person,FRA,France,2.0,,,,,R,1,133
2024-08-07T19:01:37+02:00,CTRMSPRINT------------REP2000400--,CTRMSPRINT,Men's Sprint,"Men's Sprint, 1/16 Finals Repechages - Heat 4",Heat 4,FINISHED,M,Cycling Track,CTR,National Velodrome,1945746,OBARA Yuta,Person,JPN,Japan,1.0,,,,,Q1/8,4,191
2024-08-07T19:01:37+02:00,CTRMSPRINT------------REP2000400--,CTRMSPRINT,Men's Sprint,"Men's Sprint, 1/16 Finals Repechages - Heat 4",Heat 4,FINISHED,M,Cycling Track,CTR,National Velodrome,1543501,ORTEGA FONTALVO Cristian David,Person,COL,Colombia,2.0,,,,,,4,122
2024-08-07T19:01:37+02:00,CTRMSPRINT------------REP2000200--,CTRMSPRINT,Men's Sprint,"Men's Sprint, 1/16 Finals Repechages - Heat 2",Heat 2,FINISHED,M,Cycling Track,CTR,National Velodrome,1912568,TURNBULL Hamish,Person,GBR,Great Britain,1.0,,,,,Q1/8,2,149
2024-08-07T19:01:37+02:00,CTRMSPRINT------------REP2000200--,CTRMSPRINT,Men's Sprint,"Men's Sprint, 1/16 Finals Repechages - Heat 2",Heat 2,FINISHED,M,Cycling Track,CTR,National Velodrome,1943997,LENDEL Vasilijus,Person,LTU,Lithuania,2.0,,,,,,2,199
2024-08-07T19:01:37+02:00,CTRMSPRINT------------REP2000300--,CTRMSPRINT,Men's Sprint,"Men's Sprint, 1/16 Finals Repechages - Heat 3",Heat 3,FINISHED,M,Cycling Track,CTR,National Velodrome,1572958,RUDYK Mateusz,Person,POL,Poland,1.0,,,,,Q1/8,3,229
2024-08-07T19:01:37+02:00,CTRMSPRINT------------REP2000300--,CTRMSPRINT,Men's Sprint,"Men's Sprint, 1/16 Finals Repechages - Heat 3",Heat 3,FINISHED,M,Cycling Track,CTR,National Velodrome,1569377,TJON EN FA Jair,Person,SUR,Suriname,2.0,,,,,,3,239
2024-08-07T19:01:37+02:00,CTRMSPRINT------------REP2000100--,CTRMSPRINT,Men's Sprint,"Men's Sprint, 1/16 Finals Repechages - Heat 1",Heat 1,FINISHED,M,Cycling Track,CTR,National Velodrome,1945738,OTA Kaiya,Person,JPN,Japan,1.0,,,,,Q1/8,1,192
2024-08-07T19:01:37+02:00,CTRMSPRINT------------REP2000100--,CTRMSPRINT,Men's Sprint,"Men's Sprint, 1/16 Finals Repechages - Heat 1",Heat 1,FINISHED,M,Cycling Track,CTR,National Velodrome,1895684,HELAL Rayan,Person,FRA,France,2.0,,,,,,1,133
2024-08-07T20:02:41+02:00,CTRMSPRINT------------8FNL000100--,CTRMSPRINT,Men's Sprint,"Men's Sprint, 1/8 Finals - Heat 1",Heat 1,FINISHED,M,Cycling Track,CTR,National Velodrome,1969182,LAVREYSEN Harrie,Person,NED,Netherlands,1.0,,,,,Q1/4,1,208
2024-08-07T20:02:41+02:00,CTRMSPRINT------------8FNL000100--,CTRMSPRINT,Men's Sprint,"Men's Sprint, 1/8 Finals - Heat 1",Heat 1,FINISHED,M,Cycling Track,CTR,National Velodrome,1945746,OBARA Yuta,Person,JPN,Japan,2.0,,,,,R,1,191
2024-08-07T20:02:41+02:00,CTRMSPRINT------------8FNL000600--,CTRMSPRINT,Men's Sprint,"Men's Sprint, 1/8 Finals - Heat 6",Heat 6,FINISHED,M,Cycling Track,CTR,National Velodrome,1969203,HOOGLAND Jeffrey,Person,NED,Netherlands,1.0,,,,,Q1/4,6,207
2024-08-07T20:02:41+02:00,CTRMSPRINT------------8FNL000600--,CTRMSPRINT,Men's Sprint,"Men's Sprint, 1/8 Finals - Heat 6",Heat 6,FINISHED,M,Cycling Track,CTR,National Velodrome,1550227,AWANG Mohd Azizulhasni,Person,MAS,Malaysia,2.0,,,,,R,6,200
2024-08-07T20:02:41+02:00,CTRMSPRINT------------8FNL000300--,CTRMSPRINT,Men's Sprint,"Men's Sprint, 1/8 Finals - Heat 3",Heat 3,FINISHED,M,Cycling Track,CTR,National Velodrome,1912568,TURNBULL Hamish,Person,GBR,Great Britain,1.0,,,,,Q1/4,3,149
2024-08-07T20:02:41+02:00,CTRMSPRINT------------8FNL000300--,CTRMSPRINT,Men's Sprint,"Men's Sprint, 1/8 Finals - Heat 3",Heat 3,FINISHED,M,Cycling Track,CTR,National Velodrome,1898251,YAKOVLEV Mikhail,Person,ISR,Israel,2.0,,,,,R,3,176
2024-08-07T20:02:41+02:00,CTRMSPRINT------------8FNL000200--,CTRMSPRINT,Men's Sprint,"Men's Sprint, 1/8 Finals - Heat 2",Heat 2,FINISHED,M,Cycling Track,CTR,National Velodrome,1940263,RICHARDSON Matthew,Person,AUS,Australia,1.0,,,,,Q1/4,2,86
2024-08-07T20:02:41+02:00,CTRMSPRINT------------8FNL000200--,CTRMSPRINT,Men's Sprint,"Men's Sprint, 1/8 Finals - Heat 2",Heat 2,FINISHED,M,Cycling Track,CTR,National Velodrome,1572958,RUDYK Mateusz,Person,POL,Poland,2.0,,,,,R,2,229
2024-08-07T20:02:41+02:00,CTRMSPRINT------------8FNL000400--,CTRMSPRINT,Men's Sprint,"Men's Sprint, 1/8 Finals - Heat 4",Heat 4,FINISHED,M,Cycling Track,CTR,National Velodrome,1945738,OTA Kaiya,Person,JPN,Japan,1.0,,,,,Q1/4,4,192
2024-08-07T20:02:41+02:00,CTRMSPRINT------------8FNL000400--,CTRMSPRINT,Men's Sprint,"Men's Sprint, 1/8 Finals - Heat 4",Heat 4,FINISHED,M,Cycling Track,CTR,National Velodrome,1940260,HOFFMAN Leigh,Person,AUS,Australia,2.0,,,,,R,4,82
2024-08-07T20:02:41+02:00,CTRMSPRINT------------8FNL000500--,CTRMSPRINT,Men's Sprint,"Men's Sprint, 1/8 Finals - Heat 5",Heat 5,FINISHED,M,Cycling Track,CTR,National Velodrome,1912515,CARLIN Jack,Person,GBR,Great Britain,1.0,,,,,Q1/4,5,144
2024-08-07T20:02:41+02:00,CTRMSPRINT------------8FNL000500--,CTRMSPRINT,Men's Sprint,"Men's Sprint, 1/8 Finals - Heat 5",Heat 5,FINISHED,M,Cycling Track,CTR,National Velodrome,1912786,PAUL Nicholas,Person,TTO,Trinidad and Tobago,2.0,,,,,R,5,242
2024-08-07T20:33:18+02:00,CTRMSPRINT------------REP3000200--,CTRMSPRINT,Men's Sprint,"Men's Sprint, 1/8 Finals Repechages - Heat 2",Heat 2,FINISHED,M,Cycling Track,CTR,National Velodrome,1572958,RUDYK Mateusz,Person,POL,Poland,1.0,,,,,Q1/4,2,229
2024-08-07T20:33:18+02:00,CTRMSPRINT------------REP3000200--,CTRMSPRINT,Men's Sprint,"Men's Sprint, 1/8 Finals Repechages - Heat 2",Heat 2,FINISHED,M,Cycling Track,CTR,National Velodrome,1898251,YAKOVLEV Mikhail,Person,ISR,Israel,2.0,,,,,,2,176
2024-08-07T20:33:18+02:00,CTRMSPRINT------------REP3000200--,CTRMSPRINT,Men's Sprint,"Men's Sprint, 1/8 Finals Repechages - Heat 2",Heat 2,FINISHED,M,Cycling Track,CTR,National Velodrome,1550227,AWANG Mohd Azizulhasni,Person,MAS,Malaysia,3.0,,,,,,2,200
2024-08-07T20:33:18+02:00,CTRMSPRINT------------REP3000100--,CTRMSPRINT,Men's Sprint,"Men's Sprint, 1/8 Finals Repechages - Heat 1",Heat 1,FINISHED,M,Cycling Track,CTR,National Velodrome,1945746,OBARA Yuta,Person,JPN,Japan,1.0,,,,,Q1/4,1,191
2024-08-07T20:33:18+02:00,CTRMSPRINT------------REP3000100--,CTRMSPRINT,Men's Sprint,"Men's Sprint, 1/8 Finals Repechages - Heat 1",Heat 1,FINISHED,M,Cycling Track,CTR,National Velodrome,1940260,HOFFMAN Leigh,Person,AUS,Australia,2.0,,,,,,1,82
2024-08-07T20:33:18+02:00,CTRMSPRINT------------REP3000100--,CTRMSPRINT,Men's Sprint,"Men's Sprint, 1/8 Finals Repechages - Heat 1",Heat 1,FINISHED,M,Cycling Track,CTR,National Velodrome,1912786,PAUL Nicholas,Person,TTO,Trinidad and Tobago,3.0,,,,,,1,242
2024-08-05T18:36:38+02:00,CTRMPURTEAM4----------QUAL000100--,CTRMPURTEAM4,Men's Team Pursuit,"Men's Team Pursuit, Qualifying",Qualifying,FINISHED,M,Cycling Track,CTR,National Velodrome,CTRMPURTEAM4AUS01,Australia,Team,AUS,Australia,1.0,3:42.958,TIME,,,Q,8,
2024-08-05T18:36:38+02:00,CTRMPURTEAM4----------QUAL000100--,CTRMPURTEAM4,Men's Team Pursuit,"Men's Team Pursuit, Qualifying",Qualifying,FINISHED,M,Cycling Track,CTR,National Velodrome,CTRMPURTEAM4GBR01,Great Britain,Team,GBR,Great Britain,2.0,3:43.241,TIME,,+0.283,Q,4,
2024-08-05T18:36:38+02:00,CTRMPURTEAM4----------QUAL000100--,CTRMPURTEAM4,Men's Team Pursuit,"Men's Team Pursuit, Qualifying",Qualifying,FINISHED,M,Cycling Track,CTR,National Velodrome,CTRMPURTEAM4DEN01,Denmark,Team,DEN,Denmark,3.0,3:43.690,TIME,,+0.732,Q,9,
2024-08-05T18:36:38+02:00,CTRMPURTEAM4----------QUAL000100--,CTRMPURTEAM4,Men's Team Pursuit,"Men's Team Pursuit, Qualifying",Qualifying,FINISHED,M,Cycling Track,CTR,National Velodrome,CTRMPURTEAM4ITA01,Italy,Team,ITA,Italy,4.0,3:44.351,TIME,,+1.393,Q,10,
2024-08-05T18:36:38+02:00,CTRMPURTEAM4----------QUAL000100--,CTRMPURTEAM4,Men's Team Pursuit,"Men's Team Pursuit, Qualifying",Qualifying,FINISHED,M,Cycling Track,CTR,National Velodrome,CTRMPURTEAM4FRA01,France,Team,FRA,France,5.0,3:45.514,TIME,,+2.556,Q,6,
2024-08-05T18:36:38+02:00,CTRMPURTEAM4----------QUAL000100--,CTRMPURTEAM4,Men's Team Pursuit,"Men's Team Pursuit, Qualifying",Qualifying,FINISHED,M,Cycling Track,CTR,National Velodrome,CTRMPURTEAM4NZL01,New Zealand,Team,NZL,New Zealand,6.0,3:45.616,TIME,,+2.658,Q,7,
2024-08-05T18:36:38+02:00,CTRMPURTEAM4----------QUAL000100--,CTRMPURTEAM4,Men's Team Pursuit,"Men's Team Pursuit, Qualifying",Qualifying,FINISHED,M,Cycling Track,CTR,National Velodrome,CTRMPURTEAM4BEL01,Belgium,Team,BEL,Belgium,7.0,3:47.232,TIME,,+4.274,Q,1,
2024-08-05T18:36:38+02:00,CTRMPURTEAM4----------QUAL000100--,CTRMPURTEAM4,Men's Team Pursuit,"Men's Team Pursuit, Qualifying",Qualifying,FINISHED,M,Cycling Track,CTR,National Velodrome,CTRMPURTEAM4CAN01,Canada,Team,CAN,Canada,8.0,3:48.964,TIME,,+6.006,Q,3,
2024-08-05T18:36:38+02:00,CTRMPURTEAM4----------QUAL000100--,CTRMPURTEAM4,Men's Team Pursuit,"Men's Team Pursuit, Qualifying",Qualifying,FINISHED,M,Cycling Track,CTR,National Velodrome,CTRMPURTEAM4GER01,Germany,Team,GER,Germany,9.0,3:50.083,TIME,,+7.125,,2,
2024-08-05T18:36:38+02:00,CTRMPURTEAM4----------QUAL000100--,CTRMPURTEAM4,Men's Team Pursuit,"Men's Team Pursuit, Qualifying",Qualifying,FINISHED,M,Cycling Track,CTR,National Velodrome,CTRMPURTEAM4JPN01,Japan,Team,JPN,Japan,10.0,3:53.489,TIME,,+10.531,,5,
2024-08-06T19:50:57+02:00,CTRMPURTEAM4----------RND1000200--,CTRMPURTEAM4,Men's Team Pursuit,"Men's Team Pursuit, First Round - Heat 2",Heat 2,FINISHED,M,Cycling Track,CTR,National Velodrome,CTRMPURTEAM4FRA01,France,Team,FRA,France,1.0,3:45.531,TIME,,,Q5-6,2,
2024-08-06T19:50:57+02:00,CTRMPURTEAM4----------RND1000200--,CTRMPURTEAM4,Men's Team Pursuit,"Men's Team Pursuit, First Round - Heat 2",Heat 2,FINISHED,M,Cycling Track,CTR,National Velodrome,CTRMPURTEAM4CAN01,Canada,Team,CAN,Canada,2.0,3:49.245,TIME,,+3.714,Q7-8,2,
2024-08-06T19:50:57+02:00,CTRMPURTEAM4----------RND1000300--,CTRMPURTEAM4,Men's Team Pursuit,"Men's Team Pursuit, First Round - Heat 3",Heat 3,FINISHED,M,Cycling Track,CTR,National Velodrome,CTRMPURTEAM4GBR01,Great Britain,Team,GBR,Great Britain,1.0,3:42.151,TIME,,,QG,3,
2024-08-06T19:50:57+02:00,CTRMPURTEAM4----------RND1000300--,CTRMPURTEAM4,Men's Team Pursuit,"Men's Team Pursuit, First Round - Heat 3",Heat 3,FINISHED,M,Cycling Track,CTR,National Velodrome,CTRMPURTEAM4DEN01,Denmark,Team,DEN,Denmark,2.0,3:42.803,TIME,,+0.652,QB,3,
2024-08-06T19:50:57+02:00,CTRMPURTEAM4----------RND1000400--,CTRMPURTEAM4,Men's Team Pursuit,"Men's Team Pursuit, First Round - Heat 4",Heat 4,FINISHED,M,Cycling Track,CTR,National Velodrome,CTRMPURTEAM4AUS01,Australia,Team,AUS,Australia,1.0,3:40.730,TIME,,,QG,4,
2024-08-06T19:50:57+02:00,CTRMPURTEAM4----------RND1000400--,CTRMPURTEAM4,Men's Team Pursuit,"Men's Team Pursuit, First Round - Heat 4",Heat 4,FINISHED,M,Cycling Track,CTR,National Velodrome,CTRMPURTEAM4ITA01,Italy,Team,ITA,Italy,2.0,3:43.205,TIME,,+2.475,QB,4,
2024-08-06T19:50:57+02:00,CTRMPURTEAM4----------RND1000100--,CTRMPURTEAM4,Men's Team Pursuit,"Men's Team Pursuit, First Round - Heat 1",Heat 1,FINISHED,M,Cycling Track,CTR,National Velodrome,CTRMPURTEAM4NZL01,New Zealand,Team,NZL,New Zealand,1.0,3:43.776,TIME,,,Q5-6,1,
2024-08-06T19:50:57+02:00,CTRMPURTEAM4----------RND1000100--,CTRMPURTEAM4,Men's Team Pursuit,"Men's Team Pursuit, First Round - Heat 1",Heat 1,FINISHED,M,Cycling Track,CTR,National Velodrome,CTRMPURTEAM4BEL01,Belgium,Team,BEL,Belgium,2.0,3:45.685,TIME,,+1.909,Q7-8,1,
2024-08-07T18:45:29+02:00,CTRMPURTEAM4----------FNL-000200--,CTRMPURTEAM4,Men's Team Pursuit,"Men's Team Pursuit, Finals - For Bronze",For Bronze,FINISHED,M,Cycling Track,CTR,National Velodrome,CTRMPURTEAM4ITA01,Italy,Team,ITA,Italy,3.0,3:44.197,TIME,,,,3,
2024-08-07T18:45:29+02:00,CTRMPURTEAM4----------FNL-000200--,CTRMPURTEAM4,Men's Team Pursuit,"Men's Team Pursuit, Finals - For Bronze",For Bronze,FINISHED,M,Cycling Track,CTR,National Velodrome,CTRMPURTEAM4DEN01,Denmark,Team,DEN,Denmark,4.0,3:46.138,TIME,,+1.941,,3,
2024-08-07T18:45:29+02:00,CTRMPURTEAM4----------FNL-000300--,CTRMPURTEAM4,Men's Team Pursuit,"Men's Team Pursuit, Finals - For Places 5-6",For Places 5-6,FINISHED,M,Cycling Track,CTR,National Velodrome,CTRMPURTEAM4NZL01,New Zealand,Team,NZL,New Zealand,5.0,3:44.741,TIME,,,,2,
2024-08-07T18:45:29+02:00,CTRMPURTEAM4----------FNL-000300--,CTRMPURTEAM4,Men's Team Pursuit,"Men's Team Pursuit, Finals - For Places 5-6",For Places 5-6,FINISHED,M,Cycling Track,CTR,National Velodrome,CTRMPURTEAM4FRA01,France,Team,FRA,France,6.0,3:47.697,TIME,,+2.956,,2,
2024-08-07T18:45:29+02:00,CTRMPURTEAM4----------FNL-000400--,CTRMPURTEAM4,Men's Team Pursuit,"Men's Team Pursuit, Finals - For Places 7-8",For Places 7-8,FINISHED,M,Cycling Track,CTR,National Velodrome,CTRMPURTEAM4CAN01,Canada,Team,CAN,Canada,7.0,3:54.517,TIME,,,,1,
2024-08-07T18:45:29+02:00,CTRMPURTEAM4----------FNL-000400--,CTRMPURTEAM4,Men's Team Pursuit,"Men's Team Pursuit, Finals - For Places 7-8",For Places 7-8,FINISHED,M,Cycling Track,CTR,National Velodrome,CTRMPURTEAM4BEL01,Belgium,Team,BEL,Belgium,8.0,,IRM,OVL,,,1,
2024-08-07T18:45:29+02:00,CTRMPURTEAM4----------FNL-000100--,CTRMPURTEAM4,Men's Team Pursuit,"Men's Team Pursuit, Finals - For Gold",For Gold,FINISHED,M,Cycling Track,CTR,National Velodrome,CTRMPURTEAM4AUS01,Australia,Team,AUS,Australia,1.0,3:42.067,TIME,,,,4,
2024-08-07T18:45:29+02:00,CTRMPURTEAM4----------FNL-000100--,CTRMPURTEAM4,Men's Team Pursuit,"Men's Team Pursuit, Finals - For Gold",For Gold,FINISHED,M,Cycling Track,CTR,National Velodrome,CTRMPURTEAM4GBR01,Great Britain,Team,GBR,Great Britain,2.0,3:44.394,TIME,,+2.327,,4,
2024-08-05T19:39:24+02:00,CTRMSPRTEAM3----------QUAL000100--,CTRMSPRTEAM3,Men's Team Sprint,"Men's Team Sprint, Qualifying",Qualifying,FINISHED,M,Cycling Track,CTR,National Velodrome,CTRMSPRTEAM3NED01,Netherlands,Team,NED,Netherlands,1.0,41.279,TIME,,,Q,8,
2024-08-05T19:39:24+02:00,CTRMSPRTEAM3----------QUAL000100--,CTRMSPRTEAM3,Men's Team Sprint,"Men's Team Sprint, Qualifying",Qualifying,FINISHED,M,Cycling Track,CTR,National Velodrome,CTRMSPRTEAM3GBR01,Great Britain,Team,GBR,Great Britain,2.0,41.862,TIME,,+0.583,Q,7,
2024-08-05T19:39:24+02:00,CTRMSPRTEAM3----------QUAL000100--,CTRMSPRTEAM3,Men's Team Sprint,"Men's Team Sprint, Qualifying",Qualifying,FINISHED,M,Cycling Track,CTR,National Velodrome,CTRMSPRTEAM3AUS01,Australia,Team,AUS,Australia,3.0,42.072,TIME,,+0.793,Q,5,
2024-08-05T19:39:24+02:00,CTRMSPRTEAM3----------QUAL000100--,CTRMSPRTEAM3,Men's Team Sprint,"Men's Team Sprint, Qualifying",Qualifying,FINISHED,M,Cycling Track,CTR,National Velodrome,CTRMSPRTEAM3JPN01,Japan,Team,JPN,Japan,4.0,42.174,TIME,,+0.895,Q,4,
2024-08-05T19:39:24+02:00,CTRMSPRTEAM3----------QUAL000100--,CTRMSPRTEAM3,Men's Team Sprint,"Men's Team Sprint, Qualifying",Qualifying,FINISHED,M,Cycling Track,CTR,National Velodrome,CTRMSPRTEAM3FRA01,France,Team,FRA,France,5.0,42.267,TIME,,+0.988,Q,6,
2024-08-05T19:39:24+02:00,CTRMSPRTEAM3----------QUAL000100--,CTRMSPRTEAM3,Men's Team Sprint,"Men's Team Sprint, Qualifying",Qualifying,FINISHED,M,Cycling Track,CTR,National Velodrome,CTRMSPRTEAM3CHN01,People's Republic of China,Team,CHN,China,6.0,42.606,TIME,,+1.327,Q,3,
2024-08-05T19:39:24+02:00,CTRMSPRTEAM3----------QUAL000100--,CTRMSPRTEAM3,Men's Team Sprint,"Men's Team Sprint, Qualifying",Qualifying,FINISHED,M,Cycling Track,CTR,National Velodrome,CTRMSPRTEAM3GER01,Germany,Team,GER,Germany,7.0,43.009,TIME,,+1.730,Q,2,
2024-08-05T19:39:24+02:00,CTRMSPRTEAM3----------QUAL000100--,CTRMSPRTEAM3,Men's Team Sprint,"Men's Team Sprint, Qualifying",Qualifying,FINISHED,M,Cycling Track,CTR,National Velodrome,CTRMSPRTEAM3CAN01,Canada,Team,CAN,Canada,8.0,43.905,TIME,,+2.626,Q,1,
2024-08-06T19:20:13+02:00,CTRMSPRTEAM3----------RND1000100--,CTRMSPRTEAM3,Men's Team Sprint,"Men's Team Sprint, First Round - Heat 1",Heat 1,FINISHED,M,Cycling Track,CTR,National Velodrome,CTRMSPRTEAM3FRA01,France,Team,FRA,France,1.0,42.376,TIME,,,QB,1,
2024-08-06T19:20:13+02:00,CTRMSPRTEAM3----------RND1000100--,CTRMSPRTEAM3,Men's Team Sprint,"Men's Team Sprint, First Round - Heat 1",Heat 1,FINISHED,M,Cycling Track,CTR,National Velodrome,CTRMSPRTEAM3JPN01,Japan,Team,JPN,Japan,2.0,42.569,TIME,,+0.193,Q5-6,1,
2024-08-06T19:20:13+02:00,CTRMSPRTEAM3----------RND1000400--,CTRMSPRTEAM3,Men's Team Sprint,"Men's Team Sprint, First Round - Heat 4",Heat 4,FINISHED,M,Cycling Track,CTR,National Velodrome,CTRMSPRTEAM3NED01,Netherlands,Team,NED,Netherlands,1.0,41.191,TIME,,,QG,4,
2024-08-06T19:20:13+02:00,CTRMSPRTEAM3----------RND1000400--,CTRMSPRTEAM3,Men's Team Sprint,"Men's Team Sprint, First Round - Heat 4",Heat 4,FINISHED,M,Cycling Track,CTR,National Velodrome,CTRMSPRTEAM3CAN01,Canada,Team,CAN,Canada,2.0,43.666,TIME,,+2.475,Q7-8,4,
2024-08-06T19:20:13+02:00,CTRMSPRTEAM3----------RND1000200--,CTRMSPRTEAM3,Men's Team Sprint,"Men's Team Sprint,, First Round - Heat 2",Heat 2,FINISHED,M,Cycling Track,CTR,National Velodrome,CTRMSPRTEAM3AUS01,Australia,Team,AUS,Australia,1.0,42.336,TIME,,,QB,2,
2024-08-06T19:20:13+02:00,CTRMSPRTEAM3----------RND1000200--,CTRMSPRTEAM3,Men's Team Sprint,"Men's Team Sprint,, First Round - Heat 2",Heat 2,FINISHED,M,Cycling Track,CTR,National Velodrome,CTRMSPRTEAM3CHN01,People's Republic of China,Team,CHN,China,2.0,42.635,TIME,,+0.299,Q7-8,2,
2024-08-06T19:20:13+02:00,CTRMSPRTEAM3----------RND1000300--,CTRMSPRTEAM3,Men's Team Sprint,"Men's Team Sprint, First Round - Heat 3",Heat 3,FINISHED,M,Cycling Track,CTR,National Velodrome,CTRMSPRTEAM3GBR01,Great Britain,Team,GBR,Great Britain,1.0,41.819,TIME,,,QG,3,
2024-08-06T19:20:13+02:00,CTRMSPRTEAM3----------RND1000300--,CTRMSPRTEAM3,Men's Team Sprint,"Men's Team Sprint, First Round - Heat 3",Heat 3,FINISHED,M,Cycling Track,CTR,National Velodrome,CTRMSPRTEAM3GER01,Germany,Team,GER,Germany,2.0,42.348,TIME,,+0.529,Q5-6,3,
2024-08-06T20:13:52+02:00,CTRMSPRTEAM3----------FNL-000100--,CTRMSPRTEAM3,Men's Team Sprint,"Men's Team Sprint, Finals - For Gold",For Gold,FINISHED,M,Cycling Track,CTR,National Velodrome,CTRMSPRTEAM3NED01,Netherlands,Team,NED,Netherlands,1.0,40.949,TIME,,,,4,
2024-08-06T20:13:52+02:00,CTRMSPRTEAM3----------FNL-000100--,CTRMSPRTEAM3,Men's Team Sprint,"Men's Team Sprint, Finals - For Gold",For Gold,FINISHED,M,Cycling Track,CTR,National Velodrome,CTRMSPRTEAM3GBR01,Great Britain,Team,GBR,Great Britain,2.0,41.814,TIME,,+0.865,,4,
2024-08-06T20:13:52+02:00,CTRMSPRTEAM3----------FNL-000400--,CTRMSPRTEAM3,Men's Team Sprint,"Men's Team Sprint, Finals - For Places 7-8",For Places 7-8,FINISHED,M,Cycling Track,CTR,National Velodrome,CTRMSPRTEAM3CHN01,People's Republic of China,Team,CHN,China,7.0,42.532,TIME,,,,1,
2024-08-06T20:13:52+02:00,CTRMSPRTEAM3----------FNL-000400--,CTRMSPRTEAM3,Men's Team Sprint,"Men's Team Sprint, Finals - For Places 7-8",For Places 7-8,FINISHED,M,Cycling Track,CTR,National Velodrome,CTRMSPRTEAM3CAN01,Canada,Team,CAN,Canada,8.0,43.944,TIME,,+1.412,,1,
2024-08-06T20:13:52+02:00,CTRMSPRTEAM3----------FNL-000200--,CTRMSPRTEAM3,Men's Team Sprint,"Men's Team Sprint, Finals - For Bronze",For Bronze,FINISHED,M,Cycling Track,CTR,National Velodrome,CTRMSPRTEAM3AUS01,Australia,Team,AUS,Australia,3.0,41.597,TIME,,,,3,
2024-08-06T20:13:52+02:00,CTRMSPRTEAM3----------FNL-000200--,CTRMSPRTEAM3,Men's Team Sprint,"Men's Team Sprint, Finals - For Bronze",For Bronze,FINISHED,M,Cycling Track,CTR,National Velodrome,CTRMSPRTEAM3FRA01,France,Team,FRA,France,4.0,41.993,TIME,,+0.396,,3,
2024-08-06T20:13:52+02:00,CTRMSPRTEAM3----------FNL-000300--,CTRMSPRTEAM3,Men's Team Sprint,"Men's Team Sprint, Finals - For Places 5-6",For Places 5-6,FINISHED,M,Cycling Track,CTR,National Velodrome,CTRMSPRTEAM3JPN01,Japan,Team,JPN,Japan,5.0,42.078,TIME,,,,2,
2024-08-06T20:13:52+02:00,CTRMSPRTEAM3----------FNL-000300--,CTRMSPRTEAM3,Men's Team Sprint,"Men's Team Sprint, Finals - For Places 5-6",For Places 5-6,FINISHED,M,Cycling Track,CTR,National Velodrome,CTRMSPRTEAM3GER01,Germany,Team,GER,Germany,6.0,42.280,TIME,,+0.202,,2,
2024-08-07T14:00:54+02:00,CTRWKEIRIN------------RND1000200--,CTRWKEIRIN,Women's Keirin,"Women's Keirin, First Round - Heat 2",Heat 2,FINISHED,W,Cycling Track,CTR,National Velodrome,1969180,van de WOUW Hetty,Person,NED,Netherlands,1.0,,TIME,,,Q1/4,2,213
2024-08-07T14:00:54+02:00,CTRWKEIRIN------------RND1000200--,CTRWKEIRIN,Women's Keirin,"Women's Keirin, First Round - Heat 2",Heat 2,FINISHED,W,Cycling Track,CTR,National Velodrome,1920640,YUAN Liying,Person,CHN,China,2.0,,TIME,,+0.108,Q1/4,2,121
2024-08-07T14:00:54+02:00,CTRWKEIRIN------------RND1000200--,CTRWKEIRIN,Women's Keirin,"Women's Keirin, First Round - Heat 2",Heat 2,FINISHED,W,Cycling Track,CTR,National Velodrome,1923516,VECE Miriam,Person,ITA,Italy,3.0,,TIME,,+0.236,R,2,186
2024-08-07T14:00:54+02:00,CTRWKEIRIN------------RND1000200--,CTRWKEIRIN,Women's Keirin,"Women's Keirin, First Round - Heat 2",Heat 2,FINISHED,W,Cycling Track,CTR,National Velodrome,1966686,GENEST Lauriane,Person,CAN,Canada,4.0,,TIME,,+0.236,R,2,110
2024-08-07T14:00:54+02:00,CTRWKEIRIN------------RND1000200--,CTRWKEIRIN,Women's Keirin,"Women's Keirin, First Round - Heat 2",Heat 2,FINISHED,W,Cycling Track,CTR,National Velodrome,1945748,OHTA Riyu,Person,JPN,Japan,5.0,,TIME,,+0.381,R,2,195
2024-08-07T14:00:54+02:00,CTRWKEIRIN------------RND1000200--,CTRWKEIRIN,Women's Keirin,"Women's Keirin, First Round - Heat 2",Heat 2,FINISHED,W,Cycling Track,CTR,National Velodrome,1551880,VERDUGO OSUNA Yuli,Person,MEX,Mexico,6.0,,TIME,,+0.381,R,2,205
2024-08-07T14:00:54+02:00,CTRWKEIRIN------------RND1000300--,CTRWKEIRIN,Women's Keirin,"Women's Keirin, First Round - Heat 3",Heat 3,FINISHED,W,Cycling Track,CTR,National Velodrome,1889702,HINZE Emma,Person,GER,Germany,1.0,,TIME,,,Q1/4,3,168
2024-08-07T14:00:54+02:00,CTRWKEIRIN------------RND1000300--,CTRWKEIRIN,Women's Keirin,"Women's Keirin, First Round - Heat 3",Heat 3,FINISHED,W,Cycling Track,CTR,National Velodrome,1920639,GUO Yufang,Person,CHN,China,2.0,,TIME,,+0.087,Q1/4,3,119
2024-08-07T14:00:54+02:00,CTRWKEIRIN------------RND1000300--,CTRWKEIRIN,Women's Keirin,"Women's Keirin, First Round - Heat 3",Heat 3,FINISHED,W,Cycling Track,CTR,National Velodrome,1573035,KARWACKA Marlena,Person,POL,Poland,3.0,,TIME,,+0.087,R,3,230
2024-08-07T14:00:54+02:00,CTRWKEIRIN------------RND1000300--,CTRWKEIRIN,Women's Keirin,"Women's Keirin, First Round - Heat 3",Heat 3,FINISHED,W,Cycling Track,CTR,National Velodrome,1940259,CLONAN Kristina,Person,AUS,Australia,4.0,,TIME,,+0.160,R,3,87
2024-08-07T14:00:54+02:00,CTRWKEIRIN------------RND1000300--,CTRWKEIRIN,Women's Keirin,"Women's Keirin, First Round - Heat 3",Heat 3,FINISHED,W,Cycling Track,CTR,National Velodrome,1944078,NICOLAES Julie,Person,BEL,Belgium,5.0,,TIME,,+0.204,R,3,98
2024-08-07T14:00:54+02:00,CTRWKEIRIN------------RND1000300--,CTRWKEIRIN,Women's Keirin,"Women's Keirin, First Round - Heat 3",Heat 3,FINISHED,W,Cycling Track,CTR,National Velodrome,1543495,BAYONA PINEDA Martha,Person,COL,Colombia,6.0,,TIME,,+0.266,R,3,124
2024-08-07T14:00:54+02:00,CTRWKEIRIN------------RND1000500--,CTRWKEIRIN,Women's Keirin,"Women's Keirin, First Round - Heat 5",Heat 5,FINISHED,W,Cycling Track,CTR,National Velodrome,1912522,FINUCANE Emma,Person,GBR,Great Britain,1.0,,TIME,,,Q1/4,5,153
2024-08-07T14:00:54+02:00,CTRWKEIRIN------------RND1000500--,CTRWKEIRIN,Women's Keirin,"Women's Keirin, First Round - Heat 5",Heat 5,FINISHED,W,Cycling Track,CTR,National Velodrome,1889704,FRIEDRICH Lea,Person,GER,Germany,2.0,,TIME,,+0.032,Q1/4,5,166
2024-08-07T14:00:54+02:00,CTRWKEIRIN------------RND1000500--,CTRWKEIRIN,Women's Keirin,"Women's Keirin, First Round - Heat 5",Heat 5,FINISHED,W,Cycling Track,CTR,National Velodrome,1895688,KOUAME Taky Marie Divine,Person,FRA,France,3.0,,TIME,,+0.631,R,5,141
2024-08-07T14:00:54+02:00,CTRWKEIRIN------------RND1000500--,CTRWKEIRIN,Women's Keirin,"Women's Keirin, First Round - Heat 5",Heat 5,FINISHED,W,Cycling Track,CTR,National Velodrome,1887849,MOHD ASRI Nurul Izzah Izzati,Person,MAS,Malaysia,4.0,,TIME,,+0.729,R,5,202
2024-08-07T14:00:54+02:00,CTRWKEIRIN------------RND1000500--,CTRWKEIRIN,Women's Keirin,"Women's Keirin, First Round - Heat 5",Heat 5,FINISHED,W,Cycling Track,CTR,National Velodrome,1908518,CUADRADO FLOREZ Stefany,Person,COL,Colombia,5.0,,TIME,,+0.862,R,5,125
2024-08-07T14:00:54+02:00,CTRWKEIRIN------------RND1000500--,CTRWKEIRIN,Women's Keirin,"Women's Keirin, First Round - Heat 5",Heat 5,FINISHED,W,Cycling Track,CTR,National Velodrome,3545959,FIORIN Sara,Person,ITA,Italy,6.0,,TIME,,+0.960,R,5,184
2024-08-07T14:00:54+02:00,CTRWKEIRIN------------RND1000400--,CTRWKEIRIN,Women's Keirin,"Women's Keirin, First Round - Heat 4",Heat 4,FINISHED,W,Cycling Track,CTR,National Velodrome,1903151,DEGRENDELE Nicky,Person,BEL,Belgium,1.0,,TIME,,,Q1/4,4,96
2024-08-07T14:00:54+02:00,CTRWKEIRIN------------RND1000400--,CTRWKEIRIN,Women's Keirin,"Women's Keirin, First Round - Heat 4",Heat 4,FINISHED,W,Cycling Track,CTR,National Velodrome,1945743,SATO Mina,Person,JPN,Japan,2.0,,TIME,,+0.005,Q1/4,4,196
2024-08-07T14:00:54+02:00,CTRWKEIRIN------------RND1000400--,CTRWKEIRIN,Women's Keirin,"Women's Keirin, First Round - Heat 4",Heat 4,FINISHED,W,Cycling Track,CTR,National Velodrome,1969178,van der PEET Steffie,Person,NED,Netherlands,3.0,,TIME,,+0.108,R,4,214
2024-08-07T14:00:54+02:00,CTRWKEIRIN------------RND1000400--,CTRWKEIRIN,Women's Keirin,"Women's Keirin, First Round - Heat 4",Heat 4,FINISHED,W,Cycling Track,CTR,National Velodrome,1966719,MITCHELL Kelsey,Person,CAN,Canada,4.0,,TIME,,+0.172,R,4,112
2024-08-07T14:00:54+02:00,CTRWKEIRIN------------RND1000400--,CTRWKEIRIN,Women's Keirin,"Women's Keirin, First Round - Heat 4",Heat 4,FINISHED,W,Cycling Track,CTR,National Velodrome,1945068,PETCH Rebecca,Person,NZL,New Zealand,5.0,,TIME,,+0.260,R,4,226
2024-08-07T14:00:54+02:00,CTRWKEIRIN------------RND1000400--,CTRWKEIRIN,Women's Keirin,"Women's Keirin, First Round - Heat 4",Heat 4,FINISHED,W,Cycling Track,CTR,National Velodrome,1940252,MORAN Chloe,Person,AUS,Australia,6.0,,TIME,,+1.065,R,4,89
2024-08-07T14:00:54+02:00,CTRWKEIRIN------------RND1000100--,CTRWKEIRIN,Women's Keirin,"Women's Keirin, First Round - Heat 1",Heat 1,FINISHED,W,Cycling Track,CTR,National Velodrome,1945040,ANDREWS Ellesse,Person,NZL,New Zealand,1.0,,TIME,,,Q1/4,1,221
2024-08-07T14:00:54+02:00,CTRWKEIRIN------------RND1000100--,CTRWKEIRIN,Women's Keirin,"Women's Keirin, First Round - Heat 1",Heat 1,FINISHED,W,Cycling Track,CTR,National Velodrome,1895683,GROS Mathilde,Person,FRA,France,2.0,,TIME,,+0.014,Q1/4,1,140
2024-08-07T14:00:54+02:00,CTRWKEIRIN------------RND1000100--,CTRWKEIRIN,Women's Keirin,"Women's Keirin, First Round - Heat 1",Heat 1,FINISHED,W,Cycling Track,CTR,National Velodrome,1957082,MARCHANT Katy,Person,GBR,Great Britain,3.0,,TIME,,+0.021,R,1,155
2024-08-07T14:00:54+02:00,CTRWKEIRIN------------RND1000100--,CTRWKEIRIN,Women's Keirin,"Women's Keirin, First Round - Heat 1",Heat 1,FINISHED,W,Cycling Track,CTR,National Velodrome,1551878,GAXIOLA GONZALEZ Daniela,Person,MEX,Mexico,4.0,,TIME,,+0.075,R,1,203
2024-08-07T14:00:54+02:00,CTRWKEIRIN------------RND1000100--,CTRWKEIRIN,Women's Keirin,"Women's Keirin, First Round - Heat 1",Heat 1,FINISHED,W,Cycling Track,CTR,National Velodrome,1572960,LOS Urszula,Person,POL,Poland,5.0,,TIME,,+0.261,R,1,232
2024-08-07T14:00:54+02:00,CTRWKEIRIN------------RND1000100--,CTRWKEIRIN,Women's Keirin,"Women's Keirin, First Round - Heat 1",Heat 1,FINISHED,W,Cycling Track,CTR,National Velodrome,1561941,UKPESERAYE Ese,Person,NGR,Nigeria,6.0,,TIME,,+2.129,R,1,215
2024-08-07T15:42:13+02:00,CTRWKEIRIN------------REP-000400--,CTRWKEIRIN,Women's Keirin,"Women's Keirin, Repechages - Heat 4",Heat 4,FINISHED,W,Cycling Track,CTR,National Velodrome,1945748,OHTA Riyu,Person,JPN,Japan,1.0,,TIME,,,Q1/4,4,195
2024-08-07T15:42:13+02:00,CTRWKEIRIN------------REP-000400--,CTRWKEIRIN,Women's Keirin,"Women's Keirin, Repechages - Heat 4",Heat 4,FINISHED,W,Cycling Track,CTR,National Velodrome,1969178,van der PEET Steffie,Person,NED,Netherlands,2.0,,TIME,,+0.028,Q1/4,4,214
2024-08-07T15:42:13+02:00,CTRWKEIRIN------------REP-000400--,CTRWKEIRIN,Women's Keirin,"Women's Keirin, Repechages - Heat 4",Heat 4,FINISHED,W,Cycling Track,CTR,National Velodrome,1944078,NICOLAES Julie,Person,BEL,Belgium,3.0,,TIME,,+0.135,,4,98
2024-08-07T15:42:13+02:00,CTRWKEIRIN------------REP-000400--,CTRWKEIRIN,Women's Keirin,"Women's Keirin, Repechages - Heat 4",Heat 4,FINISHED,W,Cycling Track,CTR,National Velodrome,1561941,UKPESERAYE Ese,Person,NGR,Nigeria,4.0,,TIME,,+0.584,,4,215
2024-08-07T15:42:13+02:00,CTRWKEIRIN------------REP-000400--,CTRWKEIRIN,Women's Keirin,"Women's Keirin, Repechages - Heat 4",Heat 4,FINISHED,W,Cycling Track,CTR,National Velodrome,1895688,KOUAME Taky Marie Divine,Person,FRA,France,5.0,,TIME,,+0.589,,4,141
2024-08-07T15:42:13+02:00,CTRWKEIRIN------------REP-000200--,CTRWKEIRIN,Women's Keirin,"Women's Keirin, Repechages - Heat 2",Heat 2,FINISHED,W,Cycling Track,CTR,National Velodrome,1940259,CLONAN Kristina,Person,AUS,Australia,1.0,,TIME,,,Q1/4,2,87
2024-08-07T15:42:13+02:00,CTRWKEIRIN------------REP-000200--,CTRWKEIRIN,Women's Keirin,"Women's Keirin, Repechages - Heat 2",Heat 2,FINISHED,W,Cycling Track,CTR,National Velodrome,1551878,GAXIOLA GONZALEZ Daniela,Person,MEX,Mexico,2.0,,TIME,,+0.124,Q1/4,2,203
2024-08-07T15:42:13+02:00,CTRWKEIRIN------------REP-000200--,CTRWKEIRIN,Women's Keirin,"Women's Keirin, Repechages - Heat 2",Heat 2,FINISHED,W,Cycling Track,CTR,National Velodrome,1923516,VECE Miriam,Person,ITA,Italy,3.0,,TIME,,+0.180,,2,186
2024-08-07T15:42:13+02:00,CTRWKEIRIN------------REP-000200--,CTRWKEIRIN,Women's Keirin,"Women's Keirin, Repechages - Heat 2",Heat 2,FINISHED,W,Cycling Track,CTR,National Velodrome,1908518,CUADRADO FLOREZ Stefany,Person,COL,Colombia,4.0,,TIME,,+0.305,,2,125
2024-08-07T15:42:13+02:00,CTRWKEIRIN------------REP-000200--,CTRWKEIRIN,Women's Keirin,"Women's Keirin, Repechages - Heat 2",Heat 2,FINISHED,W,Cycling Track,CTR,National Velodrome,1572960,LOS Urszula,Person,POL,Poland,5.0,,TIME,,+0.971,,2,232
2024-08-07T15:42:13+02:00,CTRWKEIRIN------------REP-000300--,CTRWKEIRIN,Women's Keirin,"Women's Keirin, Repechages - Heat 3",Heat 3,FINISHED,W,Cycling Track,CTR,National Velodrome,1966686,GENEST Lauriane,Person,CAN,Canada,1.0,,TIME,,,Q1/4,3,110
2024-08-07T15:42:13+02:00,CTRWKEIRIN------------REP-000300--,CTRWKEIRIN,Women's Keirin,"Women's Keirin, Repechages - Heat 3",Heat 3,FINISHED,W,Cycling Track,CTR,National Velodrome,1945068,PETCH Rebecca,Person,NZL,New Zealand,2.0,,TIME,,+0.042,Q1/4,3,226
2024-08-07T15:42:13+02:00,CTRWKEIRIN------------REP-000300--,CTRWKEIRIN,Women's Keirin,"Women's Keirin, Repechages - Heat 3",Heat 3,FINISHED,W,Cycling Track,CTR,National Velodrome,1573035,KARWACKA Marlena,Person,POL,Poland,3.0,,TIME,,+0.338,,3,230
2024-08-07T15:42:13+02:00,CTRWKEIRIN------------REP-000300--,CTRWKEIRIN,Women's Keirin,"Women's Keirin, Repechages - Heat 3",Heat 3,FINISHED,W,Cycling Track,CTR,National Velodrome,1940252,MORAN Chloe,Person,AUS,Australia,4.0,,TIME,,+0.367,,3,89
2024-08-07T15:42:13+02:00,CTRWKEIRIN------------REP-000300--,CTRWKEIRIN,Women's Keirin,"Women's Keirin, Repechages - Heat 3",Heat 3,FINISHED,W,Cycling Track,CTR,National Velodrome,3545959,FIORIN Sara,Person,ITA,Italy,5.0,,TIME,,+0.488,,3,184
2024-08-07T15:42:13+02:00,CTRWKEIRIN------------REP-000100--,CTRWKEIRIN,Women's Keirin,"Women's Keirin, Repechages - Heat 1",Heat 1,FINISHED,W,Cycling Track,CTR,National Velodrome,1966719,MITCHELL Kelsey,Person,CAN,Canada,1.0,,TIME,,,Q1/4,1,112
2024-08-07T15:42:13+02:00,CTRWKEIRIN------------REP-000100--,CTRWKEIRIN,Women's Keirin,"Women's Keirin, Repechages - Heat 1",Heat 1,FINISHED,W,Cycling Track,CTR,National Velodrome,1957082,MARCHANT Katy,Person,GBR,Great Britain,2.0,,TIME,,+0.041,Q1/4,1,155
2024-08-07T15:42:13+02:00,CTRWKEIRIN------------REP-000100--,CTRWKEIRIN,Women's Keirin,"Women's Keirin, Repechages - Heat 1",Heat 1,FINISHED,W,Cycling Track,CTR,National Velodrome,1887849,MOHD ASRI Nurul Izzah Izzati,Person,MAS,Malaysia,3.0,,TIME,,+0.088,,1,202
2024-08-07T15:42:13+02:00,CTRWKEIRIN------------REP-000100--,CTRWKEIRIN,Women's Keirin,"Women's Keirin, Repechages - Heat 1",Heat 1,FINISHED,W,Cycling Track,CTR,National Velodrome,1543495,BAYONA PINEDA Martha,Person,COL,Colombia,4.0,,TIME,,+0.094,,1,124
2024-08-07T15:42:13+02:00,CTRWKEIRIN------------REP-000100--,CTRWKEIRIN,Women's Keirin,"Women's Keirin, Repechages - Heat 1",Heat 1,FINISHED,W,Cycling Track,CTR,National Velodrome,1551880,VERDUGO OSUNA Yuli,Person,MEX,Mexico,5.0,,TIME,,+0.186,,1,205
2024-08-06T18:48:55+02:00,CTRWPURTEAM4----------QUAL000100--,CTRWPURTEAM4,Women's Team Pursuit,"Women's Team Pursuit, Qualifying",Qualifying,FINISHED,W,Cycling Track,CTR,National Velodrome,CTRWPURTEAM4NZL01,New Zealand,Team,NZL,New Zealand,1.0,4:04.679,TIME,,,Q,7,
2024-08-06T18:48:55+02:00,CTRWPURTEAM4----------QUAL000100--,CTRWPURTEAM4,Women's Team Pursuit,"Women's Team Pursuit, Qualifying",Qualifying,FINISHED,W,Cycling Track,CTR,National Velodrome,CTRWPURTEAM4USA01,United States of America,Team,USA,United States,2.0,4:05.238,TIME,,+0.559,Q,8,
2024-08-06T18:48:55+02:00,CTRWPURTEAM4----------QUAL000100--,CTRWPURTEAM4,Women's Team Pursuit,"Women's Team Pursuit, Qualifying",Qualifying,FINISHED,W,Cycling Track,CTR,National Velodrome,CTRWPURTEAM4GBR01,Great Britain,Team,GBR,Great Britain,3.0,4:06.710,TIME,,+2.031,Q,9,
2024-08-06T18:48:55+02:00,CTRWPURTEAM4----------QUAL000100--,CTRWPURTEAM4,Women's Team Pursuit,"Women's Team Pursuit, Qualifying",Qualifying,FINISHED,W,Cycling Track,CTR,National Velodrome,CTRWPURTEAM4ITA01,Italy,Team,ITA,Italy,4.0,4:07.579,TIME,,+2.900,Q,6,
2024-08-06T18:48:55+02:00,CTRWPURTEAM4----------QUAL000100--,CTRWPURTEAM4,Women's Team Pursuit,"Women's Team Pursuit, Qualifying",Qualifying,FINISHED,W,Cycling Track,CTR,National Velodrome,CTRWPURTEAM4GER01,Germany,Team,GER,Germany,5.0,4:08.313,TIME,,+3.634,Q,10,
2024-08-06T18:48:55+02:00,CTRWPURTEAM4----------QUAL000100--,CTRWPURTEAM4,Women's Team Pursuit,"Women's Team Pursuit, Qualifying",Qualifying,FINISHED,W,Cycling Track,CTR,National Velodrome,CTRWPURTEAM4AUS01,Australia,Team,AUS,Australia,6.0,4:08.612,TIME,,+3.933,Q,5,
2024-08-06T18:48:55+02:00,CTRWPURTEAM4----------QUAL000100--,CTRWPURTEAM4,Women's Team Pursuit,"Women's Team Pursuit, Qualifying",Qualifying,FINISHED,W,Cycling Track,CTR,National Velodrome,CTRWPURTEAM4FRA01,France,Team,FRA,France,7.0,4:08.797,TIME,,+4.118,Q,3,
2024-08-06T18:48:55+02:00,CTRWPURTEAM4----------QUAL000100--,CTRWPURTEAM4,Women's Team Pursuit,"Women's Team Pursuit, Qualifying",Qualifying,FINISHED,W,Cycling Track,CTR,National Velodrome,CTRWPURTEAM4CAN01,Canada,Team,CAN,Canada,8.0,4:12.205,TIME,,+7.526,Q,4,
2024-08-06T18:48:55+02:00,CTRWPURTEAM4----------QUAL000100--,CTRWPURTEAM4,Women's Team Pursuit,"Women's Team Pursuit, Qualifying",Qualifying,FINISHED,W,Cycling Track,CTR,National Velodrome,CTRWPURTEAM4IRL01,Ireland,Team,IRL,Ireland,9.0,4:12.447,TIME,,+7.768,,2,
2024-08-06T18:48:55+02:00,CTRWPURTEAM4----------QUAL000100--,CTRWPURTEAM4,Women's Team Pursuit,"Women's Team Pursuit, Qualifying",Qualifying,FINISHED,W,Cycling Track,CTR,National Velodrome,CTRWPURTEAM4JPN01,Japan,Team,JPN,Japan,10.0,4:13.818,TIME,,+9.139,,1,
2024-08-07T14:26:04+02:00,CTRWPURTEAM4----------RND1000400--,CTRWPURTEAM4,Women's Team Pursuit,"Women's Team Pursuit, First Round - Heat 4",Heat 4,FINISHED,W,Cycling Track,CTR,National Velodrome,CTRWPURTEAM4NZL01,New Zealand,Team,NZL,New Zealand,1.0,4:04.818,TIME,,,QG,4,
2024-08-07T14:26:04+02:00,CTRWPURTEAM4----------RND1000400--,CTRWPURTEAM4,Women's Team Pursuit,"Women's Team Pursuit, First Round - Heat 4",Heat 4,FINISHED,W,Cycling Track,CTR,National Velodrome,CTRWPURTEAM4ITA01,Italy,Team,ITA,Italy,2.0,4:07.491,TIME,,+2.673,QB,4,
2024-08-07T14:26:04+02:00,CTRWPURTEAM4----------RND1000300--,CTRWPURTEAM4,Women's Team Pursuit,"Women's Team Pursuit, First Round - Heat 3",Heat 3,FINISHED,W,Cycling Track,CTR,National Velodrome,CTRWPURTEAM4USA01,United States of America,Team,USA,United States,1.0,4:04.629,TIME,,,QG,3,
2024-08-07T14:26:04+02:00,CTRWPURTEAM4----------RND1000300--,CTRWPURTEAM4,Women's Team Pursuit,"Women's Team Pursuit, First Round - Heat 3",Heat 3,FINISHED,W,Cycling Track,CTR,National Velodrome,CTRWPURTEAM4GBR01,Great Britain,Team,GBR,Great Britain,2.0,4:04.908,TIME,,+0.279,QB,3,
2024-08-07T14:26:04+02:00,CTRWPURTEAM4----------RND1000200--,CTRWPURTEAM4,Women's Team Pursuit,"Women's Team Pursuit, First Round - Heat 2",Heat 2,FINISHED,W,Cycling Track,CTR,National Velodrome,CTRWPURTEAM4GER01,Germany,Team,GER,Germany,1.0,4:07.908,TIME,,,Q5-6,2,
2024-08-07T14:26:04+02:00,CTRWPURTEAM4----------RND1000200--,CTRWPURTEAM4,Women's Team Pursuit,"Women's Team Pursuit, First Round - Heat 2",Heat 2,FINISHED,W,Cycling Track,CTR,National Velodrome,CTRWPURTEAM4CAN01,Canada,Team,CAN,Canada,2.0,4:10.471,TIME,,+2.563,Q7-8,2,
2024-08-07T14:26:04+02:00,CTRWPURTEAM4----------RND1000100--,CTRWPURTEAM4,Women's Team Pursuit,"Women's Team Pursuit, First Round - Heat 1",Heat 1,FINISHED,W,Cycling Track,CTR,National Velodrome,CTRWPURTEAM4FRA01,France,Team,FRA,France,1.0,4:08.292,TIME,,,Q5-6,1,
2024-08-07T14:26:04+02:00,CTRWPURTEAM4----------RND1000100--,CTRWPURTEAM4,Women's Team Pursuit,"Women's Team Pursuit, First Round - Heat 1",Heat 1,FINISHED,W,Cycling Track,CTR,National Velodrome,CTRWPURTEAM4AUS01,Australia,Team,AUS,Australia,2.0,4:09.975,TIME,,+1.683,Q7-8,1,
2024-08-07T19:37:12+02:00,CTRWPURTEAM4----------FNL-000400--,CTRWPURTEAM4,Women's Team Pursuit,"Women's Team Pursuit, Finals - For Places 7-8",For Places 7-8,FINISHED,W,Cycling Track,CTR,National Velodrome,CTRWPURTEAM4AUS01,Australia,Team,AUS,Australia,7.0,4:11.548,TIME,,,,1,
2024-08-07T19:37:12+02:00,CTRWPURTEAM4----------FNL-000400--,CTRWPURTEAM4,Women's Team Pursuit,"Women's Team Pursuit, Finals - For Places 7-8",For Places 7-8,FINISHED,W,Cycling Track,CTR,National Velodrome,CTRWPURTEAM4CAN01,Canada,Team,CAN,Canada,8.0,4:12.097,TIME,,+0.549,,1,
2024-08-07T19:37:12+02:00,CTRWPURTEAM4----------FNL-000300--,CTRWPURTEAM4,Women's Team Pursuit,"Women's Team Pursuit, Finals - For Places 5-6",For Places 5-6,FINISHED,W,Cycling Track,CTR,National Velodrome,CTRWPURTEAM4FRA01,France,Team,FRA,France,5.0,4:06.987,TIME,,,,2,
2024-08-07T19:37:12+02:00,CTRWPURTEAM4----------FNL-000300--,CTRWPURTEAM4,Women's Team Pursuit,"Women's Team Pursuit, Finals - For Places 5-6",For Places 5-6,FINISHED,W,Cycling Track,CTR,National Velodrome,CTRWPURTEAM4GER01,Germany,Team,GER,Germany,6.0,4:08.349,TIME,,+1.362,,2,
2024-08-07T19:37:12+02:00,CTRWPURTEAM4----------FNL-000200--,CTRWPURTEAM4,Women's Team Pursuit,"Women's Team Pursuit, Finals - For Bronze",For Bronze,FINISHED,W,Cycling Track,CTR,National Velodrome,CTRWPURTEAM4GBR01,Great Britain,Team,GBR,Great Britain,3.0,4:06.382,TIME,,,,3,
2024-08-07T19:37:12+02:00,CTRWPURTEAM4----------FNL-000200--,CTRWPURTEAM4,Women's Team Pursuit,"Women's Team Pursuit, Finals - For Bronze",For Bronze,FINISHED,W,Cycling Track,CTR,National Velodrome,CTRWPURTEAM4ITA01,Italy,Team,ITA,Italy,4.0,4:08.961,TIME,,+2.579,,3,
2024-08-07T19:37:12+02:00,CTRWPURTEAM4----------FNL-000100--,CTRWPURTEAM4,Women's Team Pursuit,"Women's Team Pursuit, Finals - For Gold",For Gold,FINISHED,W,Cycling Track,CTR,National Velodrome,CTRWPURTEAM4USA01,United States of America,Team,USA,United States,1.0,4:04.306,TIME,,,,4,
2024-08-07T19:37:12+02:00,CTRWPURTEAM4----------FNL-000100--,CTRWPURTEAM4,Women's Team Pursuit,"Women's Team Pursuit, Finals - For Gold",For Gold,FINISHED,W,Cycling Track,CTR,National Velodrome,CTRWPURTEAM4NZL01,New Zealand,Team,NZL,New Zealand,2.0,4:04.927,TIME,,+0.621,,4,
2024-08-05T17:31:13+02:00,CTRWSPRTEAM3----------QUAL000100--,CTRWSPRTEAM3,Women's Team Sprint,"Women's Team Sprint, Qualifying",Qualifying,FINISHED,W,Cycling Track,CTR,National Velodrome,CTRWSPRTEAM3GBR01,Great Britain,Team,GBR,Great Britain,1.0,45.472,TIME,,,Q,6,
2024-08-05T17:31:13+02:00,CTRWSPRTEAM3----------QUAL000100--,CTRWSPRTEAM3,Women's Team Sprint,"Women's Team Sprint, Qualifying",Qualifying,FINISHED,W,Cycling Track,CTR,National Velodrome,CTRWSPRTEAM3NZL01,New Zealand,Team,NZL,New Zealand,2.0,45.593,TIME,,+0.121,Q,2,
2024-08-05T17:31:13+02:00,CTRWSPRTEAM3----------QUAL000100--,CTRWSPRTEAM3,Women's Team Sprint,"Women's Team Sprint, Qualifying",Qualifying,FINISHED,W,Cycling Track,CTR,National Velodrome,CTRWSPRTEAM3GER01,Germany,Team,GER,Germany,3.0,45.644,TIME,,+0.172,Q,7,
2024-08-05T17:31:13+02:00,CTRWSPRTEAM3----------QUAL000100--,CTRWSPRTEAM3,Women's Team Sprint,"Women's Team Sprint, Qualifying",Qualifying,FINISHED,W,Cycling Track,CTR,National Velodrome,CTRWSPRTEAM3NED01,Netherlands,Team,NED,Netherlands,4.0,46.086,TIME,,+0.614,Q,5,
2024-08-05T17:31:13+02:00,CTRWSPRTEAM3----------QUAL000100--,CTRWSPRTEAM3,Women's Team Sprint,"Women's Team Sprint, Qualifying",Qualifying,FINISHED,W,Cycling Track,CTR,National Velodrome,CTRWSPRTEAM3CHN01,People's Republic of China,Team,CHN,China,5.0,46.458,TIME,,+0.986,Q,8,
2024-08-05T17:31:13+02:00,CTRWSPRTEAM3----------QUAL000100--,CTRWSPRTEAM3,Women's Team Sprint,"Women's Team Sprint, Qualifying",Qualifying,FINISHED,W,Cycling Track,CTR,National Velodrome,CTRWSPRTEAM3MEX01,Mexico,Team,MEX,Mexico,6.0,46.587,TIME,,+1.115,Q,4,
2024-08-05T17:31:13+02:00,CTRWSPRTEAM3----------QUAL000100--,CTRWSPRTEAM3,Women's Team Sprint,"Women's Team Sprint, Qualifying",Qualifying,FINISHED,W,Cycling Track,CTR,National Velodrome,CTRWSPRTEAM3POL01,Poland,Team,POL,Poland,7.0,47.284,TIME,,+1.812,Q,3,
2024-08-05T17:31:13+02:00,CTRWSPRTEAM3----------QUAL000100--,CTRWSPRTEAM3,Women's Team Sprint,"Women's Team Sprint, Qualifying",Qualifying,FINISHED,W,Cycling Track,CTR,National Velodrome,CTRWSPRTEAM3CAN01,Canada,Team,CAN,Canada,8.0,47.578,TIME,,+2.106,Q,1,
2024-08-05T19:14:10+02:00,CTRWSPRTEAM3----------RND1000100--,CTRWSPRTEAM3,Women's Team Sprint,"Women's Team Sprint, First Round - Heat 1",Heat 1,FINISHED,W,Cycling Track,CTR,National Velodrome,CTRWSPRTEAM3NED01,Netherlands,Team,NED,Netherlands,1.0,45.798,TIME,,,QB,1,
2024-08-05T19:14:10+02:00,CTRWSPRTEAM3----------RND1000100--,CTRWSPRTEAM3,Women's Team Sprint,"Women's Team Sprint, First Round - Heat 1",Heat 1,FINISHED,W,Cycling Track,CTR,National Velodrome,CTRWSPRTEAM3CHN01,People's Republic of China,Team,CHN,China,2.0,46.362,TIME,,+0.564,Q5-6,1,
2024-08-05T19:14:10+02:00,CTRWSPRTEAM3----------RND1000300--,CTRWSPRTEAM3,Women's Team Sprint,"Women's Team Sprint, First Round - Heat 3",Heat 3,FINISHED,W,Cycling Track,CTR,National Velodrome,CTRWSPRTEAM3NZL01,New Zealand,Team,NZL,New Zealand,1.0,45.348,TIME,,,QG,3,
2024-08-05T19:14:10+02:00,CTRWSPRTEAM3----------RND1000300--,CTRWSPRTEAM3,Women's Team Sprint,"Women's Team Sprint, First Round - Heat 3",Heat 3,FINISHED,W,Cycling Track,CTR,National Velodrome,CTRWSPRTEAM3POL01,Poland,Team,POL,Poland,2.0,47.022,TIME,,+1.674,Q7-8,3,
2024-08-05T19:14:10+02:00,CTRWSPRTEAM3----------RND1000200--,CTRWSPRTEAM3,Women's Team Sprint,"Women's Team Sprint, First Round - Heat 2",Heat 2,FINISHED,W,Cycling Track,CTR,National Velodrome,CTRWSPRTEAM3GER01,Germany,Team,GER,Germany,1.0,45.377,TIME,,,QB,2,
2024-08-05T19:14:10+02:00,CTRWSPRTEAM3----------RND1000200--,CTRWSPRTEAM3,Women's Team Sprint,"Women's Team Sprint, First Round - Heat 2",Heat 2,FINISHED,W,Cycling Track,CTR,National Velodrome,CTRWSPRTEAM3MEX01,Mexico,Team,MEX,Mexico,2.0,46.198,TIME,,+0.821,Q5-6,2,
2024-08-05T19:14:10+02:00,CTRWSPRTEAM3----------RND1000400--,CTRWSPRTEAM3,Women's Team Sprint,"Women's Team Sprint, First Round - Heat 4",Heat 4,FINISHED,W,Cycling Track,CTR,National Velodrome,CTRWSPRTEAM3GBR01,Great Britain,Team,GBR,Great Britain,1.0,45.338,TIME,,,QG,4,
2024-08-05T19:14:10+02:00,CTRWSPRTEAM3----------RND1000400--,CTRWSPRTEAM3,Women's Team Sprint,"Women's Team Sprint, First Round - Heat 4",Heat 4,FINISHED,W,Cycling Track,CTR,National Velodrome,CTRWSPRTEAM3CAN01,Canada,Team,CAN,Canada,2.0,46.816,TIME,,+1.478,Q7-8,4,
2024-08-05T20:04:05+02:00,CTRWSPRTEAM3----------FNL-000100--,CTRWSPRTEAM3,Women's Team Sprint,"Women's Team Sprint, Finals - For Gold",For Gold,FINISHED,W,Cycling Track,CTR,National Velodrome,CTRWSPRTEAM3GBR01,Great Britain,Team,GBR,Great Britain,1.0,45.186,TIME,,,,4,
2024-08-05T20:04:05+02:00,CTRWSPRTEAM3----------FNL-000100--,CTRWSPRTEAM3,Women's Team Sprint,"Women's Team Sprint, Finals - For Gold",For Gold,FINISHED,W,Cycling Track,CTR,National Velodrome,CTRWSPRTEAM3NZL01,New Zealand,Team,NZL,New Zealand,2.0,45.659,TIME,,+0.473,,4,
2024-08-05T20:04:05+02:00,CTRWSPRTEAM3----------FNL-000300--,CTRWSPRTEAM3,Women's Team Sprint,"Women's Team Sprint, Finals - For Places 5-6",For Places 5-6,FINISHED,W,Cycling Track,CTR,National Velodrome,CTRWSPRTEAM3MEX01,Mexico,Team,MEX,Mexico,5.0,46.251,TIME,,,,2,
2024-08-05T20:04:05+02:00,CTRWSPRTEAM3----------FNL-000300--,CTRWSPRTEAM3,Women's Team Sprint,"Women's Team Sprint, Finals - For Places 5-6",For Places 5-6,FINISHED,W,Cycling Track,CTR,National Velodrome,CTRWSPRTEAM3CHN01,People's Republic of China,Team,CHN,China,6.0,46.572,TIME,,+0.321,,2,
2024-08-05T20:04:05+02:00,CTRWSPRTEAM3----------FNL-000200--,CTRWSPRTEAM3,Women's Team Sprint,"Women's Team Sprint, Finals - For Bronze",For Bronze,FINISHED,W,Cycling Track,CTR,National Velodrome,CTRWSPRTEAM3GER01,Germany,Team,GER,Germany,3.0,45.400,TIME,,,,3,
2024-08-05T20:04:05+02:00,CTRWSPRTEAM3----------FNL-000200--,CTRWSPRTEAM3,Women's Team Sprint,"Women's Team Sprint, Finals - For Bronze",For Bronze,FINISHED,W,Cycling Track,CTR,National Velodrome,CTRWSPRTEAM3NED01,Netherlands,Team,NED,Netherlands,4.0,45.690,TIME,,+0.290,,3,
2024-08-05T20:04:05+02:00,CTRWSPRTEAM3----------FNL-000400--,CTRWSPRTEAM3,Women's Team Sprint,"Women's Team Sprint, Finals - For Places 7-8",For Places 7-8,FINISHED,W,Cycling Track,CTR,National Velodrome,CTRWSPRTEAM3POL01,Poland,Team,POL,Poland,7.0,47.175,TIME,,,,1,
2024-08-05T20:04:05+02:00,CTRWSPRTEAM3----------FNL-000400--,CTRWSPRTEAM3,Women's Team Sprint,"Women's Team Sprint, Finals - For Places 7-8",For Places 7-8,FINISHED,W,Cycling Track,CTR,National Velodrome,CTRWSPRTEAM3CAN01,Canada,Team,CAN,Canada,8.0,47.631,TIME,,+0.456,,1,
