date,stage_code,event_code,event_name,event_stage,stage,stage_status,gender,discipline_name,discipline_code,venue,participant_code,participant_name,participant_type,participant_country_code,participant_country,result,result_WLT,bib
2024-08-05T15:14:49+02:00,WREMGR130KG-----------8FNL000100--,WREMGR130KG,Men's Greco-Roman 130kg,Men's Greco-Roman 130kg 1/8 Final,1/8 Final,FINISHED,M,Wrestling,WRE,Champ-de-Mars Arena,1544882,MIRZAZADEH Amin,Person,IRI,IR Iran,3,W,1
2024-08-05T15:14:49+02:00,WREMGR130KG-----------8FNL000100--,WREMGR130KG,Men's Greco-Roman 130kg,Men's Greco-Roman 130kg 1/8 Final,1/8 Final,FINISHED,M,Wrestling,WRE,Champ-de-Mars Arena,1955302,COON Adam Jacob,Person,USA,United States,1,L,9
2024-08-05T15:25:44+02:00,WREMGR130KG-----------8FNL000200--,WREMGR130KG,Men's Greco-Roman 130kg,Men's Greco-Roman 130kg 1/8 Final,1/8 Final,FINISHED,M,Wrestling,WRE,Champ-de-Mars Arena,1571506,LOPEZ NUNEZ Mijain,Person,CUB,Cuba,7,W,10
2024-08-05T15:25:44+02:00,WREMGR130KG-----------8FNL000200--,WREMGR130KG,Men's Greco-Roman 130kg,Men's Greco-Roman 130kg 1/8 Final,1/8 Final,FINISHED,M,Wrestling,WRE,Champ-de-Mars Arena,1891034,LEE Seungchan,Person,KOR,Korea,0,L,8
2024-08-05T15:45:34+02:00,WREMGR130KG-----------8FNL000400--,WREMGR130KG,Men's Greco-Roman 130kg,Men's Greco-Roman 130kg 1/8 Final,1/8 Final,FINISHED,M,Wrestling,WRE,Champ-de-Mars Arena,1935538,SYZDYKOV Alimkhan,Person,KAZ,Kazakhstan,3,W,12
2024-08-05T15:45:34+02:00,WREMGR130KG-----------8FNL000400--,WREMGR130KG,Men's Greco-Roman 130kg,Men's Greco-Roman 130kg 1/8 Final,1/8 Final,FINISHED,M,Wrestling,WRE,Champ-de-Mars Arena,1540262,ALEXUC CIURARIU Alin,Person,ROU,Romania,1,L,4
2024-08-05T16:02:01+02:00,WREMGR130KG-----------8FNL000600--,WREMGR130KG,Men's Greco-Roman 130kg,Men's Greco-Roman 130kg 1/8 Final,1/8 Final,FINISHED,M,Wrestling,WRE,Champ-de-Mars Arena,1894774,ASSAD Oussama,Person,MAR,Morocco,0,L,14
2024-08-05T16:02:01+02:00,WREMGR130KG-----------8FNL000600--,WREMGR130KG,Men's Greco-Roman 130kg,Men's Greco-Roman 130kg 1/8 Final,1/8 Final,FINISHED,M,Wrestling,WRE,Champ-de-Mars Arena,1888976,KNYSTAUTAS Mantas,Person,LTU,Lithuania,9,W,6
2024-08-05T16:07:19+02:00,WREMGR130KG-----------8FNL000500--,WREMGR130KG,Men's Greco-Roman 130kg,Men's Greco-Roman 130kg 1/8 Final,1/8 Final,FINISHED,M,Wrestling,WRE,Champ-de-Mars Arena,1919983,MENG Lingzhe,Person,CHN,China,4,W,3
2024-08-05T16:07:19+02:00,WREMGR130KG-----------8FNL000500--,WREMGR130KG,Men's Greco-Roman 130kg,Men's Greco-Roman 130kg 1/8 Final,1/8 Final,FINISHED,M,Wrestling,WRE,Champ-de-Mars Arena,1558955,KRAHMER Jello,Person,GER,Germany,1,L,13
2024-08-05T16:11:22+02:00,WREMGR130KG-----------8FNL000300--,WREMGR130KG,Men's Greco-Roman 130kg,Men's Greco-Roman 130kg 1/8 Final,1/8 Final,FINISHED,M,Wrestling,WRE,Champ-de-Mars Arena,1932478,NABI Heiki,Person,EST,Estonia,1,L,5
2024-08-05T16:11:22+02:00,WREMGR130KG-----------8FNL000300--,WREMGR130KG,Men's Greco-Roman 130kg,Men's Greco-Roman 130kg 1/8 Final,1/8 Final,FINISHED,M,Wrestling,WRE,Champ-de-Mars Arena,1947191,SHARIATI Sabah Saleh,Person,AZE,Azerbaijan,1,W,11
2024-08-05T16:15:15+02:00,WREMGR130KG-----------8FNL000700--,WREMGR130KG,Men's Greco-Roman 130kg,Men's Greco-Roman 130kg 1/8 Final,1/8 Final,FINISHED,M,Wrestling,WRE,Champ-de-Mars Arena,1935199,ACOSTA FERNANDEZ Yasmani,Person,CHI,Chile,1,W,7
2024-08-05T16:15:15+02:00,WREMGR130KG-----------8FNL000700--,WREMGR130KG,Men's Greco-Roman 130kg,Men's Greco-Roman 130kg 1/8 Final,1/8 Final,FINISHED,M,Wrestling,WRE,Champ-de-Mars Arena,1559474,MILOV Kiril Milenov,Person,BUL,Bulgaria,1,L,15
2024-08-05T16:23:17+02:00,WREMGR130KG-----------8FNL000800--,WREMGR130KG,Men's Greco-Roman 130kg,Men's Greco-Roman 130kg 1/8 Final,1/8 Final,FINISHED,M,Wrestling,WRE,Champ-de-Mars Arena,1572158,BAKIR Muhammet Hamza,Person,TUR,Türkiye,1,L,16
2024-08-05T16:23:17+02:00,WREMGR130KG-----------8FNL000800--,WREMGR130KG,Men's Greco-Roman 130kg,Men's Greco-Roman 130kg 1/8 Final,1/8 Final,FINISHED,M,Wrestling,WRE,Champ-de-Mars Arena,1562609,MOHAMED Abdellatif,Person,EGY,Egypt,3,W,2
2024-08-05T16:31:52+02:00,WREMGR130KG-----------QFNL000100--,WREMGR130KG,Men's Greco-Roman 130kg,Men's Greco-Roman 130kg 1/4 Final,1/4 Final,FINISHED,M,Wrestling,WRE,Champ-de-Mars Arena,1544882,MIRZAZADEH Amin,Person,IRI,IR Iran,1,L,1
2024-08-05T16:31:52+02:00,WREMGR130KG-----------QFNL000100--,WREMGR130KG,Men's Greco-Roman 130kg,Men's Greco-Roman 130kg 1/4 Final,1/4 Final,FINISHED,M,Wrestling,WRE,Champ-de-Mars Arena,1571506,LOPEZ NUNEZ Mijain,Person,CUB,Cuba,3,W,10
2024-08-05T16:42:47+02:00,WREMGR130KG-----------QFNL000200--,WREMGR130KG,Men's Greco-Roman 130kg,Men's Greco-Roman 130kg 1/4 Final,1/4 Final,FINISHED,M,Wrestling,WRE,Champ-de-Mars Arena,1947191,SHARIATI Sabah Saleh,Person,AZE,Azerbaijan,4,W,11
2024-08-05T16:42:47+02:00,WREMGR130KG-----------QFNL000200--,WREMGR130KG,Men's Greco-Roman 130kg,Men's Greco-Roman 130kg 1/4 Final,1/4 Final,FINISHED,M,Wrestling,WRE,Champ-de-Mars Arena,1935538,SYZDYKOV Alimkhan,Person,KAZ,Kazakhstan,0,L,12
2024-08-05T16:55:33+02:00,WREMGR130KG-----------QFNL000300--,WREMGR130KG,Men's Greco-Roman 130kg,Men's Greco-Roman 130kg 1/4 Final,1/4 Final,FINISHED,M,Wrestling,WRE,Champ-de-Mars Arena,1919983,MENG Lingzhe,Person,CHN,China,1,W,3
2024-08-05T16:55:33+02:00,WREMGR130KG-----------QFNL000300--,WREMGR130KG,Men's Greco-Roman 130kg,Men's Greco-Roman 130kg 1/4 Final,1/4 Final,FINISHED,M,Wrestling,WRE,Champ-de-Mars Arena,1888976,KNYSTAUTAS Mantas,Person,LTU,Lithuania,1,L,6
2024-08-05T17:06:46+02:00,WREMGR130KG-----------QFNL000400--,WREMGR130KG,Men's Greco-Roman 130kg,Men's Greco-Roman 130kg 1/4 Final,1/4 Final,FINISHED,M,Wrestling,WRE,Champ-de-Mars Arena,1935199,ACOSTA FERNANDEZ Yasmani,Person,CHI,Chile,2,W,7
2024-08-05T17:06:46+02:00,WREMGR130KG-----------QFNL000400--,WREMGR130KG,Men's Greco-Roman 130kg,Men's Greco-Roman 130kg 1/4 Final,1/4 Final,FINISHED,M,Wrestling,WRE,Champ-de-Mars Arena,1562609,MOHAMED Abdellatif,Person,EGY,Egypt,1,L,2
2024-08-05T21:39:50+02:00,WREMGR130KG-----------SFNL000100--,WREMGR130KG,Men's Greco-Roman 130kg,Men's Greco-Roman 130kg Semifinal,Semifinal,FINISHED,M,Wrestling,WRE,Champ-de-Mars Arena,1571506,LOPEZ NUNEZ Mijain,Person,CUB,Cuba,4,W,10
2024-08-05T21:39:50+02:00,WREMGR130KG-----------SFNL000100--,WREMGR130KG,Men's Greco-Roman 130kg,Men's Greco-Roman 130kg Semifinal,Semifinal,FINISHED,M,Wrestling,WRE,Champ-de-Mars Arena,1947191,SHARIATI Sabah Saleh,Person,AZE,Azerbaijan,1,L,11
2024-08-05T21:51:54+02:00,WREMGR130KG-----------SFNL000200--,WREMGR130KG,Men's Greco-Roman 130kg,Men's Greco-Roman 130kg Semifinal,Semifinal,FINISHED,M,Wrestling,WRE,Champ-de-Mars Arena,1919983,MENG Lingzhe,Person,CHN,China,1,L,3
2024-08-05T21:51:54+02:00,WREMGR130KG-----------SFNL000200--,WREMGR130KG,Men's Greco-Roman 130kg,Men's Greco-Roman 130kg Semifinal,Semifinal,FINISHED,M,Wrestling,WRE,Champ-de-Mars Arena,1935199,ACOSTA FERNANDEZ Yasmani,Person,CHI,Chile,1,W,7
2024-08-06T11:08:50+02:00,WREMGR130KG-----------REP2000100--,WREMGR130KG,Men's Greco-Roman 130kg,Men's Greco-Roman 130kg Repechage,Repechage,FINISHED,M,Wrestling,WRE,Champ-de-Mars Arena,1891034,LEE Seungchan,Person,KOR,Korea,0,L,8
2024-08-06T11:08:50+02:00,WREMGR130KG-----------REP2000100--,WREMGR130KG,Men's Greco-Roman 130kg,Men's Greco-Roman 130kg Repechage,Repechage,FINISHED,M,Wrestling,WRE,Champ-de-Mars Arena,1544882,MIRZAZADEH Amin,Person,IRI,IR Iran,9,W,1
2024-08-06T11:18:10+02:00,WREMGR130KG-----------REP2000200--,WREMGR130KG,Men's Greco-Roman 130kg,Men's Greco-Roman 130kg Repechage,Repechage,FINISHED,M,Wrestling,WRE,Champ-de-Mars Arena,1559474,MILOV Kiril Milenov,Person,BUL,Bulgaria,4,L,15
2024-08-06T11:18:10+02:00,WREMGR130KG-----------REP2000200--,WREMGR130KG,Men's Greco-Roman 130kg,Men's Greco-Roman 130kg Repechage,Repechage,FINISHED,M,Wrestling,WRE,Champ-de-Mars Arena,1562609,MOHAMED Abdellatif,Person,EGY,Egypt,6,W,2
2024-08-06T20:29:52+02:00,WREMGR130KG-----------REPF000100--,WREMGR130KG,Men's Greco-Roman 130kg,Men's Greco-Roman 130kg Bronze Medal Match,Bronze Medal Match,FINISHED,M,Wrestling,WRE,Champ-de-Mars Arena,1544882,MIRZAZADEH Amin,Person,IRI,IR Iran,4,W,1
2024-08-06T20:29:52+02:00,WREMGR130KG-----------REPF000100--,WREMGR130KG,Men's Greco-Roman 130kg,Men's Greco-Roman 130kg Bronze Medal Match,Bronze Medal Match,FINISHED,M,Wrestling,WRE,Champ-de-Mars Arena,1947191,SHARIATI Sabah Saleh,Person,AZE,Azerbaijan,0,L,11
2024-08-06T20:43:02+02:00,WREMGR130KG-----------REPF000200--,WREMGR130KG,Men's Greco-Roman 130kg,Men's Greco-Roman 130kg Bronze Medal Match,Bronze Medal Match,FINISHED,M,Wrestling,WRE,Champ-de-Mars Arena,1562609,MOHAMED Abdellatif,Person,EGY,Egypt,2,L,2
2024-08-06T20:43:02+02:00,WREMGR130KG-----------REPF000200--,WREMGR130KG,Men's Greco-Roman 130kg,Men's Greco-Roman 130kg Bronze Medal Match,Bronze Medal Match,FINISHED,M,Wrestling,WRE,Champ-de-Mars Arena,1919983,MENG Lingzhe,Person,CHN,China,5,W,3
2024-08-06T21:05:26+02:00,WREMGR130KG-----------FNL-000100--,WREMGR130KG,Men's Greco-Roman 130kg,Men's Greco-Roman 130kg Final,Final,FINISHED,M,Wrestling,WRE,Champ-de-Mars Arena,1571506,LOPEZ NUNEZ Mijain,Person,CUB,Cuba,6,W,10
2024-08-06T21:05:26+02:00,WREMGR130KG-----------FNL-000100--,WREMGR130KG,Men's Greco-Roman 130kg,Men's Greco-Roman 130kg Final,Final,FINISHED,M,Wrestling,WRE,Champ-de-Mars Arena,1935199,ACOSTA FERNANDEZ Yasmani,Person,CHI,Chile,0,L,7
2024-08-05T15:19:23+02:00,WREMGR60KG------------R32-000300--,WREMGR60KG,Men's Greco-Roman 60kg,Men's Greco-Roman 60kg Qualification,Qualification,FINISHED,M,Wrestling,WRE,Champ-de-Mars Arena,1956585,TIBILOV Georgij,Person,SRB,Serbia,7,L,10
2024-08-05T15:19:23+02:00,WREMGR60KG------------R32-000300--,WREMGR60KG,Men's Greco-Roman 60kg,Men's Greco-Roman 60kg Qualification,Qualification,FINISHED,M,Wrestling,WRE,Champ-de-Mars Arena,1572198,BASAR Enes,Person,TUR,Türkiye,8,W,11
2024-08-05T15:36:00+02:00,WREMGR60KG------------8FNL000500--,WREMGR60KG,Men's Greco-Roman 60kg,Men's Greco-Roman 60kg 1/8 Final,1/8 Final,FINISHED,M,Wrestling,WRE,Champ-de-Mars Arena,1887978,CIOBANU Victor,Person,MDA,Republic of Moldova,3,L,3
2024-08-05T15:36:00+02:00,WREMGR60KG------------8FNL000500--,WREMGR60KG,Men's Greco-Roman 60kg,Men's Greco-Roman 60kg 1/8 Final,1/8 Final,FINISHED,M,Wrestling,WRE,Champ-de-Mars Arena,1980153,RI Se Ung,Person,PRK,DPR Korea,10,W,14
2024-08-05T15:44:43+02:00,WREMGR60KG------------8FNL000600--,WREMGR60KG,Men's Greco-Roman 60kg,Men's Greco-Roman 60kg 1/8 Final,1/8 Final,FINISHED,M,Wrestling,WRE,Champ-de-Mars Arena,1894551,VALIZADEH Jamal,Person,EOR,EOR,0,L,15
2024-08-05T15:44:43+02:00,WREMGR60KG------------8FNL000600--,WREMGR60KG,Men's Greco-Roman 60kg,Men's Greco-Roman 60kg 1/8 Final,1/8 Final,FINISHED,M,Wrestling,WRE,Champ-de-Mars Arena,1562280,BAKHRAMOV Islomjon,Person,UZB,Uzbekistan,9,W,6
2024-08-05T15:58:35+02:00,WREMGR60KG------------8FNL000700--,WREMGR60KG,Men's Greco-Roman 60kg,Men's Greco-Roman 60kg 1/8 Final,1/8 Final,FINISHED,M,Wrestling,WRE,Champ-de-Mars Arena,1925060,RODRIGUEZ OROZCO Raiber Jose,Person,VEN,Venezuela,6,W,7
2024-08-05T15:58:35+02:00,WREMGR60KG------------8FNL000700--,WREMGR60KG,Men's Greco-Roman 60kg,Men's Greco-Roman 60kg 1/8 Final,1/8 Final,FINISHED,M,Wrestling,WRE,Champ-de-Mars Arena,1947168,MAMMADOV Murad,Person,AZE,Azerbaijan,5,L,16
2024-08-05T16:08:27+02:00,WREMGR60KG------------8FNL000800--,WREMGR60KG,Men's Greco-Roman 60kg,Men's Greco-Roman 60kg 1/8 Final,1/8 Final,FINISHED,M,Wrestling,WRE,Champ-de-Mars Arena,1562690,MOHAMED Moamen,Person,EGY,Egypt,2,L,17
2024-08-05T16:08:27+02:00,WREMGR60KG------------8FNL000800--,WREMGR60KG,Men's Greco-Roman 60kg,Men's Greco-Roman 60kg 1/8 Final,1/8 Final,FINISHED,M,Wrestling,WRE,Champ-de-Mars Arena,1919973,CAO Liguo,Person,CHN,China,6,W,2
2024-08-05T16:25:02+02:00,WREMGR60KG------------8FNL000100--,WREMGR60KG,Men's Greco-Roman 60kg,Men's Greco-Roman 60kg 1/8 Final,1/8 Final,FINISHED,M,Wrestling,WRE,Champ-de-Mars Arena,1566631,SHARSHENBEKOV Zholaman,Person,KGZ,Kyrgyzstan,6,W,1
2024-08-05T16:25:02+02:00,WREMGR60KG------------8FNL000100--,WREMGR60KG,Men's Greco-Roman 60kg,Men's Greco-Roman 60kg 1/8 Final,1/8 Final,FINISHED,M,Wrestling,WRE,Champ-de-Mars Arena,1935553,SULTANGALI Aidos,Person,KAZ,Kazakhstan,3,L,9
2024-08-05T16:34:50+02:00,WREMGR60KG------------8FNL000200--,WREMGR60KG,Men's Greco-Roman 60kg,Men's Greco-Roman 60kg 1/8 Final,1/8 Final,FINISHED,M,Wrestling,WRE,Champ-de-Mars Arena,1572198,BASAR Enes,Person,TUR,Türkiye,2,L,11
2024-08-05T16:34:50+02:00,WREMGR60KG------------8FNL000200--,WREMGR60KG,Men's Greco-Roman 60kg,Men's Greco-Roman 60kg 1/8 Final,1/8 Final,FINISHED,M,Wrestling,WRE,Champ-de-Mars Arena,1540263,ARNAUT Razvan,Person,ROU,Romania,4,W,8
2024-08-05T16:39:18+02:00,WREMGR60KG------------8FNL000300--,WREMGR60KG,Men's Greco-Roman 60kg,Men's Greco-Roman 60kg 1/8 Final,1/8 Final,FINISHED,M,Wrestling,WRE,Champ-de-Mars Arena,1544894,MOHSEN NEJAD Mehdi,Person,IRI,IR Iran,9,W,5
2024-08-05T16:39:18+02:00,WREMGR60KG------------8FNL000300--,WREMGR60KG,Men's Greco-Roman 60kg,Men's Greco-Roman 60kg 1/8 Final,1/8 Final,FINISHED,M,Wrestling,WRE,Champ-de-Mars Arena,1543247,FERGAT Abdelkarim,Person,ALG,Algeria,0,L,12
2024-08-05T16:48:23+02:00,WREMGR60KG------------8FNL000400--,WREMGR60KG,Men's Greco-Roman 60kg,Men's Greco-Roman 60kg 1/8 Final,1/8 Final,FINISHED,M,Wrestling,WRE,Champ-de-Mars Arena,1571496,de ARMAS RODRIGUEZ Kevin Yuran,Person,CUB,Cuba,1,L,13
2024-08-05T16:48:23+02:00,WREMGR60KG------------8FNL000400--,WREMGR60KG,Men's Greco-Roman 60kg,Men's Greco-Roman 60kg 1/8 Final,1/8 Final,FINISHED,M,Wrestling,WRE,Champ-de-Mars Arena,1939713,FUMITA Kenichiro,Person,JPN,Japan,11,W,4
2024-08-05T16:54:46+02:00,WREMGR60KG------------QFNL000300--,WREMGR60KG,Men's Greco-Roman 60kg,Men's Greco-Roman 60kg 1/4 Final,1/4 Final,FINISHED,M,Wrestling,WRE,Champ-de-Mars Arena,1980153,RI Se Ung,Person,PRK,DPR Korea,9,W,14
2024-08-05T16:54:46+02:00,WREMGR60KG------------QFNL000300--,WREMGR60KG,Men's Greco-Roman 60kg,Men's Greco-Roman 60kg 1/4 Final,1/4 Final,FINISHED,M,Wrestling,WRE,Champ-de-Mars Arena,1562280,BAKHRAMOV Islomjon,Person,UZB,Uzbekistan,0,L,6
2024-08-05T17:08:43+02:00,WREMGR60KG------------QFNL000400--,WREMGR60KG,Men's Greco-Roman 60kg,Men's Greco-Roman 60kg 1/4 Final,1/4 Final,FINISHED,M,Wrestling,WRE,Champ-de-Mars Arena,1925060,RODRIGUEZ OROZCO Raiber Jose,Person,VEN,Venezuela,3,L,7
2024-08-05T17:08:43+02:00,WREMGR60KG------------QFNL000400--,WREMGR60KG,Men's Greco-Roman 60kg,Men's Greco-Roman 60kg 1/4 Final,1/4 Final,FINISHED,M,Wrestling,WRE,Champ-de-Mars Arena,1919973,CAO Liguo,Person,CHN,China,5,W,2
2024-08-05T17:16:50+02:00,WREMGR60KG------------QFNL000100--,WREMGR60KG,Men's Greco-Roman 60kg,Men's Greco-Roman 60kg 1/4 Final,1/4 Final,FINISHED,M,Wrestling,WRE,Champ-de-Mars Arena,1566631,SHARSHENBEKOV Zholaman,Person,KGZ,Kyrgyzstan,9,W,1
2024-08-05T17:16:50+02:00,WREMGR60KG------------QFNL000100--,WREMGR60KG,Men's Greco-Roman 60kg,Men's Greco-Roman 60kg 1/4 Final,1/4 Final,FINISHED,M,Wrestling,WRE,Champ-de-Mars Arena,1540263,ARNAUT Razvan,Person,ROU,Romania,0,L,8
2024-08-05T17:23:16+02:00,WREMGR60KG------------QFNL000200--,WREMGR60KG,Men's Greco-Roman 60kg,Men's Greco-Roman 60kg 1/4 Final,1/4 Final,FINISHED,M,Wrestling,WRE,Champ-de-Mars Arena,1544894,MOHSEN NEJAD Mehdi,Person,IRI,IR Iran,0,L,5
2024-08-05T17:23:16+02:00,WREMGR60KG------------QFNL000200--,WREMGR60KG,Men's Greco-Roman 60kg,Men's Greco-Roman 60kg 1/4 Final,1/4 Final,FINISHED,M,Wrestling,WRE,Champ-de-Mars Arena,1939713,FUMITA Kenichiro,Person,JPN,Japan,9,W,4
2024-08-05T21:14:57+02:00,WREMGR60KG------------SFNL000100--,WREMGR60KG,Men's Greco-Roman 60kg,Men's Greco-Roman 60kg Semifinal,Semifinal,FINISHED,M,Wrestling,WRE,Champ-de-Mars Arena,1566631,SHARSHENBEKOV Zholaman,Person,KGZ,Kyrgyzstan,3,L,1
2024-08-05T21:14:57+02:00,WREMGR60KG------------SFNL000100--,WREMGR60KG,Men's Greco-Roman 60kg,Men's Greco-Roman 60kg Semifinal,Semifinal,FINISHED,M,Wrestling,WRE,Champ-de-Mars Arena,1939713,FUMITA Kenichiro,Person,JPN,Japan,4,W,4
2024-08-05T21:27:44+02:00,WREMGR60KG------------SFNL000200--,WREMGR60KG,Men's Greco-Roman 60kg,Men's Greco-Roman 60kg Semifinal,Semifinal,FINISHED,M,Wrestling,WRE,Champ-de-Mars Arena,1980153,RI Se Ung,Person,PRK,DPR Korea,3,L,14
2024-08-05T21:27:44+02:00,WREMGR60KG------------SFNL000200--,WREMGR60KG,Men's Greco-Roman 60kg,Men's Greco-Roman 60kg Semifinal,Semifinal,FINISHED,M,Wrestling,WRE,Champ-de-Mars Arena,1919973,CAO Liguo,Person,CHN,China,3,W,2
2024-08-06T11:10:51+02:00,WREMGR60KG------------REP2000200--,WREMGR60KG,Men's Greco-Roman 60kg,Men's Greco-Roman 60kg Repechage,Repechage,FINISHED,M,Wrestling,WRE,Champ-de-Mars Arena,1562690,MOHAMED Moamen,Person,EGY,Egypt,1,L,17
2024-08-06T11:10:51+02:00,WREMGR60KG------------REP2000200--,WREMGR60KG,Men's Greco-Roman 60kg,Men's Greco-Roman 60kg Repechage,Repechage,FINISHED,M,Wrestling,WRE,Champ-de-Mars Arena,1925060,RODRIGUEZ OROZCO Raiber Jose,Person,VEN,Venezuela,12,W,7
2024-08-06T11:16:41+02:00,WREMGR60KG------------REP2000100--,WREMGR60KG,Men's Greco-Roman 60kg,Men's Greco-Roman 60kg Repechage,Repechage,FINISHED,M,Wrestling,WRE,Champ-de-Mars Arena,1571496,de ARMAS RODRIGUEZ Kevin Yuran,Person,CUB,Cuba,1,L,13
2024-08-06T11:16:41+02:00,WREMGR60KG------------REP2000100--,WREMGR60KG,Men's Greco-Roman 60kg,Men's Greco-Roman 60kg Repechage,Repechage,FINISHED,M,Wrestling,WRE,Champ-de-Mars Arena,1544894,MOHSEN NEJAD Mehdi,Person,IRI,IR Iran,10,W,5
2024-08-06T19:49:57+02:00,WREMGR60KG------------REPF000100--,WREMGR60KG,Men's Greco-Roman 60kg,Men's Greco-Roman 60kg Bronze Medal Match,Bronze Medal Match,FINISHED,M,Wrestling,WRE,Champ-de-Mars Arena,1544894,MOHSEN NEJAD Mehdi,Person,IRI,IR Iran,1,L,5
2024-08-06T19:49:57+02:00,WREMGR60KG------------REPF000100--,WREMGR60KG,Men's Greco-Roman 60kg,Men's Greco-Roman 60kg Bronze Medal Match,Bronze Medal Match,FINISHED,M,Wrestling,WRE,Champ-de-Mars Arena,1566631,SHARSHENBEKOV Zholaman,Person,KGZ,Kyrgyzstan,3,W,1
2024-08-06T19:56:14+02:00,WREMGR60KG------------REPF000200--,WREMGR60KG,Men's Greco-Roman 60kg,Men's Greco-Roman 60kg Bronze Medal Match,Bronze Medal Match,FINISHED,M,Wrestling,WRE,Champ-de-Mars Arena,1925060,RODRIGUEZ OROZCO Raiber Jose,Person,VEN,Venezuela,0,L,7
2024-08-06T19:56:14+02:00,WREMGR60KG------------REPF000200--,WREMGR60KG,Men's Greco-Roman 60kg,Men's Greco-Roman 60kg Bronze Medal Match,Bronze Medal Match,FINISHED,M,Wrestling,WRE,Champ-de-Mars Arena,1980153,RI Se Ung,Person,PRK,DPR Korea,8,W,14
2024-08-06T20:11:13+02:00,WREMGR60KG------------FNL-000100--,WREMGR60KG,Men's Greco-Roman 60kg,Men's Greco-Roman 60kg Final,Final,FINISHED,M,Wrestling,WRE,Champ-de-Mars Arena,1939713,FUMITA Kenichiro,Person,JPN,Japan,4,W,4
2024-08-06T20:11:13+02:00,WREMGR60KG------------FNL-000100--,WREMGR60KG,Men's Greco-Roman 60kg,Men's Greco-Roman 60kg Final,Final,FINISHED,M,Wrestling,WRE,Champ-de-Mars Arena,1919973,CAO Liguo,Person,CHN,China,1,L,2
2024-08-07T11:42:42+02:00,WREMGR67KG------------8FNL000100--,WREMGR67KG,Men's Greco-Roman 67kg,Men's Greco-Roman 67kg 1/8 Final,1/8 Final,FINISHED,M,Wrestling,WRE,Champ-de-Mars Arena,1981760,JAFAROV Hasrat,Person,AZE,Azerbaijan,9,W,1
2024-08-07T11:42:42+02:00,WREMGR67KG------------8FNL000100--,WREMGR67KG,Men's Greco-Roman 67kg,Men's Greco-Roman 67kg 1/8 Final,1/8 Final,FINISHED,M,Wrestling,WRE,Champ-de-Mars Arena,1562788,ELSAYED Mohamed,Person,EGY,Egypt,0,L,9
2024-08-07T12:04:12+02:00,WREMGR67KG------------8FNL000300--,WREMGR67KG,Men's Greco-Roman 67kg,Men's Greco-Roman 67kg 1/8 Final,1/8 Final,FINISHED,M,Wrestling,WRE,Champ-de-Mars Arena,1566607,ISMAILOV Amantur,Person,KGZ,Kyrgyzstan,12,W,5
2024-08-07T12:04:12+02:00,WREMGR67KG------------8FNL000300--,WREMGR67KG,Men's Greco-Roman 67kg,Men's Greco-Roman 67kg 1/8 Final,1/8 Final,FINISHED,M,Wrestling,WRE,Champ-de-Mars Arena,1552449,ZOIDZE Ramaz,Person,GEO,Georgia,1,L,11
2024-08-07T12:18:09+02:00,WREMGR67KG------------8FNL000400--,WREMGR67KG,Men's Greco-Roman 67kg,Men's Greco-Roman 67kg 1/8 Final,1/8 Final,FINISHED,M,Wrestling,WRE,Champ-de-Mars Arena,1550119,NASIBOV Parviz,Person,UKR,Ukraine,3,W,12
2024-08-07T12:18:09+02:00,WREMGR67KG------------8FNL000400--,WREMGR67KG,Men's Greco-Roman 67kg,Men's Greco-Roman 67kg 1/8 Final,1/8 Final,FINISHED,M,Wrestling,WRE,Champ-de-Mars Arena,1956583,NEMES Mate,Person,SRB,Serbia,2,L,4
2024-08-07T12:31:37+02:00,WREMGR67KG------------8FNL000500--,WREMGR67KG,Men's Greco-Roman 67kg,Men's Greco-Roman 67kg 1/8 Final,1/8 Final,FINISHED,M,Wrestling,WRE,Champ-de-Mars Arena,1532874,GALSTYAN Slavik,Person,ARM,Armenia,3,W,3
2024-08-07T12:31:37+02:00,WREMGR67KG------------8FNL000500--,WREMGR67KG,Men's Greco-Roman 67kg,Men's Greco-Roman 67kg 1/8 Final,1/8 Final,FINISHED,M,Wrestling,WRE,Champ-de-Mars Arena,1960213,MONTANO ARROYO Andres Roberto,Person,ECU,Ecuador,2,L,13
2024-08-07T12:33:17+02:00,WREMGR67KG------------8FNL000200--,WREMGR67KG,Men's Greco-Roman 67kg,Men's Greco-Roman 67kg 1/8 Final,1/8 Final,FINISHED,M,Wrestling,WRE,Champ-de-Mars Arena,1935202,ALMANZA TRUYOL Nestor Evian,Person,CHI,Chile,0,L,10
2024-08-07T12:33:17+02:00,WREMGR67KG------------8FNL000200--,WREMGR67KG,Men's Greco-Roman 67kg,Men's Greco-Roman 67kg 1/8 Final,1/8 Final,FINISHED,M,Wrestling,WRE,Champ-de-Mars Arena,1887998,PETIC Valentin,Person,MDA,Republic of Moldova,4,W,8
2024-08-07T12:43:04+02:00,WREMGR67KG------------8FNL000600--,WREMGR67KG,Men's Greco-Roman 67kg,Men's Greco-Roman 67kg 1/8 Final,1/8 Final,FINISHED,M,Wrestling,WRE,Champ-de-Mars Arena,1946295,NASR Souleymen,Person,TUN,Tunisia,1,L,14
2024-08-07T12:43:04+02:00,WREMGR67KG------------8FNL000600--,WREMGR67KG,Men's Greco-Roman 67kg,Men's Greco-Roman 67kg 1/8 Final,1/8 Final,FINISHED,M,Wrestling,WRE,Champ-de-Mars Arena,1907893,SYLLA Mamadassa,Person,FRA,France,1,W,6
2024-08-07T12:49:55+02:00,WREMGR67KG------------8FNL000700--,WREMGR67KG,Men's Greco-Roman 67kg,Men's Greco-Roman 67kg 1/8 Final,1/8 Final,FINISHED,M,Wrestling,WRE,Champ-de-Mars Arena,1544928,ESMAEILI LEIVESI Saeid,Person,IRI,IR Iran,10,W,7
2024-08-07T12:49:55+02:00,WREMGR67KG------------8FNL000700--,WREMGR67KG,Men's Greco-Roman 67kg,Men's Greco-Roman 67kg 1/8 Final,1/8 Final,FINISHED,M,Wrestling,WRE,Champ-de-Mars Arena,1543253,GHAIOU Ishak,Person,ALG,Algeria,0,L,15
2024-08-07T12:55:54+02:00,WREMGR67KG------------8FNL000800--,WREMGR67KG,Men's Greco-Roman 67kg,Men's Greco-Roman 67kg 1/8 Final,1/8 Final,FINISHED,M,Wrestling,WRE,Champ-de-Mars Arena,1939690,SOGABE Kyotaro,Person,JPN,Japan,0,L,16
2024-08-07T12:55:54+02:00,WREMGR67KG------------8FNL000800--,WREMGR67KG,Men's Greco-Roman 67kg,Men's Greco-Roman 67kg 1/8 Final,1/8 Final,FINISHED,M,Wrestling,WRE,Champ-de-Mars Arena,1571498,ORTA SANCHEZ Luis Alberto,Person,CUB,Cuba,8,W,2
2024-08-07T13:09:34+02:00,WREMGR67KG------------QFNL000100--,WREMGR67KG,Men's Greco-Roman 67kg,Men's Greco-Roman 67kg 1/4 Final,1/4 Final,FINISHED,M,Wrestling,WRE,Champ-de-Mars Arena,1981760,JAFAROV Hasrat,Person,AZE,Azerbaijan,3,W,1
2024-08-07T13:09:34+02:00,WREMGR67KG------------QFNL000100--,WREMGR67KG,Men's Greco-Roman 67kg,Men's Greco-Roman 67kg 1/4 Final,1/4 Final,FINISHED,M,Wrestling,WRE,Champ-de-Mars Arena,1887998,PETIC Valentin,Person,MDA,Republic of Moldova,1,L,8
2024-08-07T13:23:52+02:00,WREMGR67KG------------QFNL000200--,WREMGR67KG,Men's Greco-Roman 67kg,Men's Greco-Roman 67kg 1/4 Final,1/4 Final,FINISHED,M,Wrestling,WRE,Champ-de-Mars Arena,1566607,ISMAILOV Amantur,Person,KGZ,Kyrgyzstan,6,L,5
2024-08-07T13:23:52+02:00,WREMGR67KG------------QFNL000200--,WREMGR67KG,Men's Greco-Roman 67kg,Men's Greco-Roman 67kg 1/4 Final,1/4 Final,FINISHED,M,Wrestling,WRE,Champ-de-Mars Arena,1550119,NASIBOV Parviz,Person,UKR,Ukraine,7,W,12
2024-08-07T13:36:21+02:00,WREMGR67KG------------QFNL000300--,WREMGR67KG,Men's Greco-Roman 67kg,Men's Greco-Roman 67kg 1/4 Final,1/4 Final,FINISHED,M,Wrestling,WRE,Champ-de-Mars Arena,1532874,GALSTYAN Slavik,Person,ARM,Armenia,3,W,3
2024-08-07T13:36:21+02:00,WREMGR67KG------------QFNL000300--,WREMGR67KG,Men's Greco-Roman 67kg,Men's Greco-Roman 67kg 1/4 Final,1/4 Final,FINISHED,M,Wrestling,WRE,Champ-de-Mars Arena,1907893,SYLLA Mamadassa,Person,FRA,France,2,L,6
2024-08-07T13:47:54+02:00,WREMGR67KG------------QFNL000400--,WREMGR67KG,Men's Greco-Roman 67kg,Men's Greco-Roman 67kg 1/4 Final,1/4 Final,FINISHED,M,Wrestling,WRE,Champ-de-Mars Arena,1544928,ESMAEILI LEIVESI Saeid,Person,IRI,IR Iran,9,W,7
2024-08-07T13:47:54+02:00,WREMGR67KG------------QFNL000400--,WREMGR67KG,Men's Greco-Roman 67kg,Men's Greco-Roman 67kg 1/4 Final,1/4 Final,FINISHED,M,Wrestling,WRE,Champ-de-Mars Arena,1571498,ORTA SANCHEZ Luis Alberto,Person,CUB,Cuba,0,L,2
2024-08-07T18:33:59+02:00,WREMGR67KG------------SFNL000100--,WREMGR67KG,Men's Greco-Roman 67kg,Men's Greco-Roman 67kg Semifinal,Semifinal,FINISHED,M,Wrestling,WRE,Champ-de-Mars Arena,1981760,JAFAROV Hasrat,Person,AZE,Azerbaijan,3,L,1
2024-08-07T18:33:59+02:00,WREMGR67KG------------SFNL000100--,WREMGR67KG,Men's Greco-Roman 67kg,Men's Greco-Roman 67kg Semifinal,Semifinal,FINISHED,M,Wrestling,WRE,Champ-de-Mars Arena,1550119,NASIBOV Parviz,Person,UKR,Ukraine,3,W,12
2024-08-07T18:48:37+02:00,WREMGR67KG------------SFNL000200--,WREMGR67KG,Men's Greco-Roman 67kg,Men's Greco-Roman 67kg Semifinal,Semifinal,FINISHED,M,Wrestling,WRE,Champ-de-Mars Arena,1532874,GALSTYAN Slavik,Person,ARM,Armenia,4,L,3
2024-08-07T18:48:37+02:00,WREMGR67KG------------SFNL000200--,WREMGR67KG,Men's Greco-Roman 67kg,Men's Greco-Roman 67kg Semifinal,Semifinal,FINISHED,M,Wrestling,WRE,Champ-de-Mars Arena,1544928,ESMAEILI LEIVESI Saeid,Person,IRI,IR Iran,10,W,7
2024-08-06T11:21:47+02:00,WREMGR77KG------------8FNL000100--,WREMGR77KG,Men's Greco-Roman 77kg,Men's Greco-Roman 77kg 1/8 Final,1/8 Final,FINISHED,M,Wrestling,WRE,Champ-de-Mars Arena,1939692,KUSAKA Nao,Person,JPN,Japan,9,W,1
2024-08-06T11:21:47+02:00,WREMGR77KG------------8FNL000100--,WREMGR77KG,Men's Greco-Roman 77kg,Men's Greco-Roman 77kg 1/8 Final,1/8 Final,FINISHED,M,Wrestling,WRE,Champ-de-Mars Arena,1543258,OUAKALI Abd Elkrim,Person,ALG,Algeria,0,L,9
2024-08-06T11:27:31+02:00,WREMGR77KG------------8FNL000200--,WREMGR77KG,Men's Greco-Roman 77kg,Men's Greco-Roman 77kg 1/8 Final,1/8 Final,FINISHED,M,Wrestling,WRE,Champ-de-Mars Arena,1562657,ABDELRAHMAN Mahmoud,Person,EGY,Egypt,0,L,10
2024-08-06T11:27:31+02:00,WREMGR77KG------------8FNL000200--,WREMGR77KG,Men's Greco-Roman 77kg,Men's Greco-Roman 77kg 1/8 Final,1/8 Final,FINISHED,M,Wrestling,WRE,Champ-de-Mars Arena,1562300,VARDANYAN Aram,Person,UZB,Uzbekistan,9,W,8
2024-08-06T11:39:12+02:00,WREMGR77KG------------8FNL000300--,WREMGR77KG,Men's Greco-Roman 77kg,Men's Greco-Roman 77kg 1/8 Final,1/8 Final,FINISHED,M,Wrestling,WRE,Champ-de-Mars Arena,1571500,PENA FLORES Yosvanys,Person,CUB,Cuba,1,L,5
2024-08-06T11:39:12+02:00,WREMGR77KG------------8FNL000300--,WREMGR77KG,Men's Greco-Roman 77kg,Men's Greco-Roman 77kg 1/8 Final,1/8 Final,FINISHED,M,Wrestling,WRE,Champ-de-Mars Arena,1544881,KAVIYANINEJAD Amin,Person,IRI,IR Iran,1,W,11
2024-08-06T11:46:09+02:00,WREMGR77KG------------8FNL000400--,WREMGR77KG,Men's Greco-Roman 77kg,Men's Greco-Roman 77kg 1/8 Final,1/8 Final,FINISHED,M,Wrestling,WRE,Champ-de-Mars Arena,1909367,SARKKINEN Jonni Kunnari,Person,FIN,Finland,0,L,12
2024-08-06T11:46:09+02:00,WREMGR77KG------------8FNL000400--,WREMGR77KG,Men's Greco-Roman 77kg,Men's Greco-Roman 77kg 1/8 Final,1/8 Final,FINISHED,M,Wrestling,WRE,Champ-de-Mars Arena,1532873,AMOYAN Malkhas,Person,ARM,Armenia,8,W,4
2024-08-06T11:58:19+02:00,WREMGR77KG------------8FNL000500--,WREMGR77KG,Men's Greco-Roman 77kg,Men's Greco-Roman 77kg 1/8 Final,1/8 Final,FINISHED,M,Wrestling,WRE,Champ-de-Mars Arena,1566627,MAKHMUDOV Akzhol,Person,KGZ,Kyrgyzstan,4,W,3
2024-08-06T11:58:19+02:00,WREMGR77KG------------8FNL000500--,WREMGR77KG,Men's Greco-Roman 77kg,Men's Greco-Roman 77kg 1/8 Final,1/8 Final,FINISHED,M,Wrestling,WRE,Champ-de-Mars Arena,1955343,BEY Kamal Ameer,Person,USA,United States,1,L,13
2024-08-06T12:04:15+02:00,WREMGR77KG------------8FNL000600--,WREMGR77KG,Men's Greco-Roman 77kg,Men's Greco-Roman 77kg 1/8 Final,1/8 Final,FINISHED,M,Wrestling,WRE,Champ-de-Mars Arena,1930231,CUERO MUNOZ Jair Alexis,Person,COL,Colombia,0,L,14
2024-08-06T12:04:15+02:00,WREMGR77KG------------8FNL000600--,WREMGR77KG,Men's Greco-Roman 77kg,Men's Greco-Roman 77kg 1/8 Final,1/8 Final,FINISHED,M,Wrestling,WRE,Champ-de-Mars Arena,1958652,ZHADRAYEV Demeu,Person,KAZ,Kazakhstan,9,W,6
2024-08-06T12:14:54+02:00,WREMGR77KG------------8FNL000700--,WREMGR77KG,Men's Greco-Roman 77kg,Men's Greco-Roman 77kg 1/8 Final,1/8 Final,FINISHED,M,Wrestling,WRE,Champ-de-Mars Arena,1911550,LEVAI Zoltan,Person,HUN,Hungary,2,W,7
2024-08-06T12:14:54+02:00,WREMGR77KG------------8FNL000700--,WREMGR77KG,Men's Greco-Roman 77kg,Men's Greco-Roman 77kg 1/8 Final,1/8 Final,FINISHED,M,Wrestling,WRE,Champ-de-Mars Arena,1572140,AKBUDAK Burhan,Person,TUR,Türkiye,1,L,15
2024-08-06T12:26:38+02:00,WREMGR77KG------------8FNL000800--,WREMGR77KG,Men's Greco-Roman 77kg,Men's Greco-Roman 77kg 1/8 Final,1/8 Final,FINISHED,M,Wrestling,WRE,Champ-de-Mars Arena,1559454,MNATSAKANIAN Aik,Person,BUL,Bulgaria,0,L,16
2024-08-06T12:26:38+02:00,WREMGR77KG------------8FNL000800--,WREMGR77KG,Men's Greco-Roman 77kg,Men's Greco-Roman 77kg 1/8 Final,1/8 Final,FINISHED,M,Wrestling,WRE,Champ-de-Mars Arena,1981775,SULEYMANOV Sanan,Person,AZE,Azerbaijan,2,W,2
2024-08-06T12:39:54+02:00,WREMGR77KG------------QFNL000100--,WREMGR77KG,Men's Greco-Roman 77kg,Men's Greco-Roman 77kg 1/4 Final,1/4 Final,FINISHED,M,Wrestling,WRE,Champ-de-Mars Arena,1939692,KUSAKA Nao,Person,JPN,Japan,12,W,1
2024-08-06T12:39:54+02:00,WREMGR77KG------------QFNL000100--,WREMGR77KG,Men's Greco-Roman 77kg,Men's Greco-Roman 77kg 1/4 Final,1/4 Final,FINISHED,M,Wrestling,WRE,Champ-de-Mars Arena,1562300,VARDANYAN Aram,Person,UZB,Uzbekistan,2,L,8
2024-08-06T12:50:48+02:00,WREMGR77KG------------QFNL000200--,WREMGR77KG,Men's Greco-Roman 77kg,Men's Greco-Roman 77kg 1/4 Final,1/4 Final,FINISHED,M,Wrestling,WRE,Champ-de-Mars Arena,1544881,KAVIYANINEJAD Amin,Person,IRI,IR Iran,0,L,11
2024-08-06T12:50:48+02:00,WREMGR77KG------------QFNL000200--,WREMGR77KG,Men's Greco-Roman 77kg,Men's Greco-Roman 77kg 1/4 Final,1/4 Final,FINISHED,M,Wrestling,WRE,Champ-de-Mars Arena,1532873,AMOYAN Malkhas,Person,ARM,Armenia,3,W,4
2024-08-06T13:07:17+02:00,WREMGR77KG------------QFNL000300--,WREMGR77KG,Men's Greco-Roman 77kg,Men's Greco-Roman 77kg 1/4 Final,1/4 Final,FINISHED,M,Wrestling,WRE,Champ-de-Mars Arena,1566627,MAKHMUDOV Akzhol,Person,KGZ,Kyrgyzstan,1,L,3
2024-08-06T13:07:17+02:00,WREMGR77KG------------QFNL000300--,WREMGR77KG,Men's Greco-Roman 77kg,Men's Greco-Roman 77kg 1/4 Final,1/4 Final,FINISHED,M,Wrestling,WRE,Champ-de-Mars Arena,1958652,ZHADRAYEV Demeu,Person,KAZ,Kazakhstan,3,W,6
2024-08-06T13:17:34+02:00,WREMGR77KG------------QFNL000400--,WREMGR77KG,Men's Greco-Roman 77kg,Men's Greco-Roman 77kg 1/4 Final,1/4 Final,FINISHED,M,Wrestling,WRE,Champ-de-Mars Arena,1911550,LEVAI Zoltan,Person,HUN,Hungary,1,L,7
2024-08-06T13:17:34+02:00,WREMGR77KG------------QFNL000400--,WREMGR77KG,Men's Greco-Roman 77kg,Men's Greco-Roman 77kg 1/4 Final,1/4 Final,FINISHED,M,Wrestling,WRE,Champ-de-Mars Arena,1981775,SULEYMANOV Sanan,Person,AZE,Azerbaijan,1,W,2
2024-08-06T18:28:20+02:00,WREMGR77KG------------SFNL000100--,WREMGR77KG,Men's Greco-Roman 77kg,Men's Greco-Roman 77kg Semifinal,Semifinal,FINISHED,M,Wrestling,WRE,Champ-de-Mars Arena,1939692,KUSAKA Nao,Person,JPN,Japan,3,W,1
2024-08-06T18:28:20+02:00,WREMGR77KG------------SFNL000100--,WREMGR77KG,Men's Greco-Roman 77kg,Men's Greco-Roman 77kg Semifinal,Semifinal,FINISHED,M,Wrestling,WRE,Champ-de-Mars Arena,1532873,AMOYAN Malkhas,Person,ARM,Armenia,1,L,4
2024-08-06T18:39:14+02:00,WREMGR77KG------------SFNL000200--,WREMGR77KG,Men's Greco-Roman 77kg,Men's Greco-Roman 77kg Semifinal,Semifinal,FINISHED,M,Wrestling,WRE,Champ-de-Mars Arena,1958652,ZHADRAYEV Demeu,Person,KAZ,Kazakhstan,6,W,6
2024-08-06T18:39:14+02:00,WREMGR77KG------------SFNL000200--,WREMGR77KG,Men's Greco-Roman 77kg,Men's Greco-Roman 77kg Semifinal,Semifinal,FINISHED,M,Wrestling,WRE,Champ-de-Mars Arena,1981775,SULEYMANOV Sanan,Person,AZE,Azerbaijan,1,L,2
2024-08-07T11:10:52+02:00,WREMGR77KG------------REP2000100--,WREMGR77KG,Men's Greco-Roman 77kg,Men's Greco-Roman 77kg Repechage,Repechage,FINISHED,M,Wrestling,WRE,Champ-de-Mars Arena,1543258,OUAKALI Abd Elkrim,Person,ALG,Algeria,0,L,9
2024-08-07T11:10:52+02:00,WREMGR77KG------------REP2000100--,WREMGR77KG,Men's Greco-Roman 77kg,Men's Greco-Roman 77kg Repechage,Repechage,FINISHED,M,Wrestling,WRE,Champ-de-Mars Arena,1562300,VARDANYAN Aram,Person,UZB,Uzbekistan,11,W,8
2024-08-07T11:22:56+02:00,WREMGR77KG------------REP2000200--,WREMGR77KG,Men's Greco-Roman 77kg,Men's Greco-Roman 77kg Repechage,Repechage,FINISHED,M,Wrestling,WRE,Champ-de-Mars Arena,1930231,CUERO MUNOZ Jair Alexis,Person,COL,Colombia,0,L,14
2024-08-07T11:22:56+02:00,WREMGR77KG------------REP2000200--,WREMGR77KG,Men's Greco-Roman 77kg,Men's Greco-Roman 77kg Repechage,Repechage,FINISHED,M,Wrestling,WRE,Champ-de-Mars Arena,1566627,MAKHMUDOV Akzhol,Person,KGZ,Kyrgyzstan,9,W,3
2024-08-07T19:51:26+02:00,WREMGR77KG------------REPF000100--,WREMGR77KG,Men's Greco-Roman 77kg,Men's Greco-Roman 77kg Bronze Medal Match,Bronze Medal Match,FINISHED,M,Wrestling,WRE,Champ-de-Mars Arena,1562300,VARDANYAN Aram,Person,UZB,Uzbekistan,5,L,8
2024-08-07T19:51:26+02:00,WREMGR77KG------------REPF000100--,WREMGR77KG,Men's Greco-Roman 77kg,Men's Greco-Roman 77kg Bronze Medal Match,Bronze Medal Match,FINISHED,M,Wrestling,WRE,Champ-de-Mars Arena,1532873,AMOYAN Malkhas,Person,ARM,Armenia,6,W,4
2024-08-07T20:07:05+02:00,WREMGR77KG------------REPF000200--,WREMGR77KG,Men's Greco-Roman 77kg,Men's Greco-Roman 77kg Bronze Medal Match,Bronze Medal Match,FINISHED,M,Wrestling,WRE,Champ-de-Mars Arena,1566627,MAKHMUDOV Akzhol,Person,KGZ,Kyrgyzstan,6,W,3
2024-08-07T20:07:05+02:00,WREMGR77KG------------REPF000200--,WREMGR77KG,Men's Greco-Roman 77kg,Men's Greco-Roman 77kg Bronze Medal Match,Bronze Medal Match,FINISHED,M,Wrestling,WRE,Champ-de-Mars Arena,1981775,SULEYMANOV Sanan,Person,AZE,Azerbaijan,5,L,2
2024-08-07T20:22:14+02:00,WREMGR77KG------------FNL-000100--,WREMGR77KG,Men's Greco-Roman 77kg,Men's Greco-Roman 77kg Final,Final,FINISHED,M,Wrestling,WRE,Champ-de-Mars Arena,1939692,KUSAKA Nao,Person,JPN,Japan,5,W,1
2024-08-07T20:22:14+02:00,WREMGR77KG------------FNL-000100--,WREMGR77KG,Men's Greco-Roman 77kg,Men's Greco-Roman 77kg Final,Final,FINISHED,M,Wrestling,WRE,Champ-de-Mars Arena,1958652,ZHADRAYEV Demeu,Person,KAZ,Kazakhstan,2,L,6
2024-08-07T11:42:59+02:00,WREMGR87KG------------8FNL000100--,WREMGR87KG,Men's Greco-Roman 87kg,Men's Greco-Roman 87kg 1/8 Final,1/8 Final,FINISHED,M,Wrestling,WRE,Champ-de-Mars Arena,1572143,CENGIZ Ali,Person,TUR,Türkiye,3,L,1
2024-08-07T11:42:59+02:00,WREMGR87KG------------8FNL000100--,WREMGR87KG,Men's Greco-Roman 87kg,Men's Greco-Roman 87kg 1/8 Final,1/8 Final,FINISHED,M,Wrestling,WRE,Champ-de-Mars Arena,1937011,KULYNYCZ Arkadiusz Marcin,Person,POL,Poland,5,W,9
2024-08-07T11:51:21+02:00,WREMGR87KG------------8FNL000200--,WREMGR87KG,Men's Greco-Roman 87kg,Men's Greco-Roman 87kg 1/8 Final,1/8 Final,FINISHED,M,Wrestling,WRE,Champ-de-Mars Arena,1544880,MOHMADIPIANI Alireza,Person,IRI,IR Iran,9,W,10
2024-08-07T11:51:21+02:00,WREMGR87KG------------8FNL000200--,WREMGR87KG,Men's Greco-Roman 87kg,Men's Greco-Roman 87kg 1/8 Final,1/8 Final,FINISHED,M,Wrestling,WRE,Champ-de-Mars Arena,1930239,MUNOZ JARAMILLO Carlos Andres,Person,COL,Colombia,0,L,8
2024-08-07T12:02:10+02:00,WREMGR87KG------------8FNL000300--,WREMGR87KG,Men's Greco-Roman 87kg,Men's Greco-Roman 87kg 1/8 Final,1/8 Final,FINISHED,M,Wrestling,WRE,Champ-de-Mars Arena,1935539,TURSYNOV Nursultan,Person,KAZ,Kazakhstan,10,W,5
2024-08-07T12:02:10+02:00,WREMGR87KG------------8FNL000300--,WREMGR87KG,Men's Greco-Roman 87kg,Men's Greco-Roman 87kg 1/8 Final,1/8 Final,FINISHED,M,Wrestling,WRE,Champ-de-Mars Arena,1562800,METWALLY Mohamed,Person,EGY,Egypt,1,L,11
2024-08-07T12:12:21+02:00,WREMGR87KG------------8FNL000400--,WREMGR87KG,Men's Greco-Roman 87kg,Men's Greco-Roman 87kg 1/8 Final,1/8 Final,FINISHED,M,Wrestling,WRE,Champ-de-Mars Arena,1919979,QIAN Haitao,Person,CHN,China,1,L,12
2024-08-07T12:12:21+02:00,WREMGR87KG------------8FNL000400--,WREMGR87KG,Men's Greco-Roman 87kg,Men's Greco-Roman 87kg 1/8 Final,1/8 Final,FINISHED,M,Wrestling,WRE,Champ-de-Mars Arena,1550116,BELENIUK Zhan,Person,UKR,Ukraine,7,W,4
2024-08-07T12:26:46+02:00,WREMGR87KG------------8FNL000500--,WREMGR87KG,Men's Greco-Roman 87kg,Men's Greco-Roman 87kg 1/8 Final,1/8 Final,FINISHED,M,Wrestling,WRE,Champ-de-Mars Arena,1559471,NOVIKOV Semen Sergeevich,Person,BUL,Bulgaria,5,W,3
2024-08-07T12:26:46+02:00,WREMGR87KG------------8FNL000500--,WREMGR87KG,Men's Greco-Roman 87kg,Men's Greco-Roman 87kg 1/8 Final,1/8 Final,FINISHED,M,Wrestling,WRE,Champ-de-Mars Arena,1879518,BISULTANOV Turpal Ali,Person,DEN,Denmark,1,L,13
2024-08-07T12:39:28+02:00,WREMGR87KG------------8FNL000600--,WREMGR87KG,Men's Greco-Roman 87kg,Men's Greco-Roman 87kg 1/8 Final,1/8 Final,FINISHED,M,Wrestling,WRE,Champ-de-Mars Arena,1552443,GOBADZE Lasha,Person,GEO,Georgia,2,W,14
2024-08-07T12:39:28+02:00,WREMGR87KG------------8FNL000600--,WREMGR87KG,Men's Greco-Roman 87kg,Men's Greco-Roman 87kg 1/8 Final,1/8 Final,FINISHED,M,Wrestling,WRE,Champ-de-Mars Arena,1543266,SID AZARA Bachir,Person,ALG,Algeria,1,L,6
2024-08-07T12:47:51+02:00,WREMGR87KG------------8FNL000700--,WREMGR87KG,Men's Greco-Roman 87kg,Men's Greco-Roman 87kg 1/8 Final,1/8 Final,FINISHED,M,Wrestling,WRE,Champ-de-Mars Arena,1956577,KOMAROV Aleksandr Andreevitch,Person,SRB,Serbia,10,W,7
2024-08-07T12:47:51+02:00,WREMGR87KG------------8FNL000700--,WREMGR87KG,Men's Greco-Roman 87kg,Men's Greco-Roman 87kg 1/8 Final,1/8 Final,FINISHED,M,Wrestling,WRE,Champ-de-Mars Arena,1955363,JACOBSON Payton Jon,Person,USA,United States,0,L,15
2024-08-07T13:00:32+02:00,WREMGR87KG------------8FNL000800--,WREMGR87KG,Men's Greco-Roman 87kg,Men's Greco-Roman 87kg 1/8 Final,1/8 Final,FINISHED,M,Wrestling,WRE,Champ-de-Mars Arena,1946894,HUSEYNOV Rafig,Person,AZE,Azerbaijan,2,L,16
2024-08-07T13:00:32+02:00,WREMGR87KG------------8FNL000800--,WREMGR87KG,Men's Greco-Roman 87kg,Men's Greco-Roman 87kg 1/8 Final,1/8 Final,FINISHED,M,Wrestling,WRE,Champ-de-Mars Arena,1911555,LOSONCZI David,Person,HUN,Hungary,5,W,2
2024-08-07T13:13:24+02:00,WREMGR87KG------------QFNL000100--,WREMGR87KG,Men's Greco-Roman 87kg,Men's Greco-Roman 87kg 1/4 Final,1/4 Final,FINISHED,M,Wrestling,WRE,Champ-de-Mars Arena,1937011,KULYNYCZ Arkadiusz Marcin,Person,POL,Poland,1,L,9
2024-08-07T13:13:24+02:00,WREMGR87KG------------QFNL000100--,WREMGR87KG,Men's Greco-Roman 87kg,Men's Greco-Roman 87kg 1/4 Final,1/4 Final,FINISHED,M,Wrestling,WRE,Champ-de-Mars Arena,1544880,MOHMADIPIANI Alireza,Person,IRI,IR Iran,10,W,10
2024-08-07T13:25:01+02:00,WREMGR87KG------------QFNL000200--,WREMGR87KG,Men's Greco-Roman 87kg,Men's Greco-Roman 87kg 1/4 Final,1/4 Final,FINISHED,M,Wrestling,WRE,Champ-de-Mars Arena,1935539,TURSYNOV Nursultan,Person,KAZ,Kazakhstan,3,L,5
2024-08-07T13:25:01+02:00,WREMGR87KG------------QFNL000200--,WREMGR87KG,Men's Greco-Roman 87kg,Men's Greco-Roman 87kg 1/4 Final,1/4 Final,FINISHED,M,Wrestling,WRE,Champ-de-Mars Arena,1550116,BELENIUK Zhan,Person,UKR,Ukraine,7,W,4
2024-08-07T13:37:57+02:00,WREMGR87KG------------QFNL000300--,WREMGR87KG,Men's Greco-Roman 87kg,Men's Greco-Roman 87kg 1/4 Final,1/4 Final,FINISHED,M,Wrestling,WRE,Champ-de-Mars Arena,1559471,NOVIKOV Semen Sergeevich,Person,BUL,Bulgaria,8,W,3
2024-08-07T13:37:57+02:00,WREMGR87KG------------QFNL000300--,WREMGR87KG,Men's Greco-Roman 87kg,Men's Greco-Roman 87kg 1/4 Final,1/4 Final,FINISHED,M,Wrestling,WRE,Champ-de-Mars Arena,1552443,GOBADZE Lasha,Person,GEO,Georgia,3,L,14
2024-08-07T13:54:50+02:00,WREMGR87KG------------QFNL000400--,WREMGR87KG,Men's Greco-Roman 87kg,Men's Greco-Roman 87kg 1/4 Final,1/4 Final,FINISHED,M,Wrestling,WRE,Champ-de-Mars Arena,1956577,KOMAROV Aleksandr Andreevitch,Person,SRB,Serbia,2,L,7
2024-08-07T13:54:50+02:00,WREMGR87KG------------QFNL000400--,WREMGR87KG,Men's Greco-Roman 87kg,Men's Greco-Roman 87kg 1/4 Final,1/4 Final,FINISHED,M,Wrestling,WRE,Champ-de-Mars Arena,1911555,LOSONCZI David,Person,HUN,Hungary,2,W,2
2024-08-07T19:00:53+02:00,WREMGR87KG------------SFNL000100--,WREMGR87KG,Men's Greco-Roman 87kg,Men's Greco-Roman 87kg Semifinal,Semifinal,FINISHED,M,Wrestling,WRE,Champ-de-Mars Arena,1544880,MOHMADIPIANI Alireza,Person,IRI,IR Iran,3,W,10
2024-08-07T19:00:53+02:00,WREMGR87KG------------SFNL000100--,WREMGR87KG,Men's Greco-Roman 87kg,Men's Greco-Roman 87kg Semifinal,Semifinal,FINISHED,M,Wrestling,WRE,Champ-de-Mars Arena,1550116,BELENIUK Zhan,Person,UKR,Ukraine,3,L,4
2024-08-07T19:16:02+02:00,WREMGR87KG------------SFNL000200--,WREMGR87KG,Men's Greco-Roman 87kg,Men's Greco-Roman 87kg Semifinal,Semifinal,FINISHED,M,Wrestling,WRE,Champ-de-Mars Arena,1559471,NOVIKOV Semen Sergeevich,Person,BUL,Bulgaria,3,W,3
2024-08-07T19:16:02+02:00,WREMGR87KG------------SFNL000200--,WREMGR87KG,Men's Greco-Roman 87kg,Men's Greco-Roman 87kg Semifinal,Semifinal,FINISHED,M,Wrestling,WRE,Champ-de-Mars Arena,1911555,LOSONCZI David,Person,HUN,Hungary,1,L,2
2024-08-06T11:25:28+02:00,WREMGR97KG------------8FNL000100--,WREMGR97KG,Men's Greco-Roman 97kg,Men's Greco-Roman 97kg 1/8 Final,1/8 Final,FINISHED,M,Wrestling,WRE,Champ-de-Mars Arena,1532872,ALEKSANYAN Artur,Person,ARM,Armenia,9,W,1
2024-08-06T11:25:28+02:00,WREMGR97KG------------8FNL000100--,WREMGR97KG,Men's Greco-Roman 97kg,Men's Greco-Roman 97kg 1/8 Final,1/8 Final,FINISHED,M,Wrestling,WRE,Champ-de-Mars Arena,1891025,KIM Seungjun,Person,KOR,Korea,0,L,9
2024-08-06T11:36:18+02:00,WREMGR97KG------------8FNL000200--,WREMGR97KG,Men's Greco-Roman 97kg,Men's Greco-Roman 97kg 1/8 Final,1/8 Final,FINISHED,M,Wrestling,WRE,Champ-de-Mars Arena,1562275,ASSAKALOV Rustam,Person,UZB,Uzbekistan,5,W,10
2024-08-06T11:36:18+02:00,WREMGR97KG------------8FNL000200--,WREMGR97KG,Men's Greco-Roman 97kg,Men's Greco-Roman 97kg 1/8 Final,1/8 Final,FINISHED,M,Wrestling,WRE,Champ-de-Mars Arena,1925859,MEJIA CASTILLO Kevin,Person,HON,Honduras,3,L,8
2024-08-06T11:47:43+02:00,WREMGR97KG------------8FNL000300--,WREMGR97KG,Men's Greco-Roman 97kg,Men's Greco-Roman 97kg 1/8 Final,1/8 Final,FINISHED,M,Wrestling,WRE,Champ-de-Mars Arena,1909368,SAVOLAINEN Arvi Martin,Person,FIN,Finland,4,W,5
2024-08-06T11:47:43+02:00,WREMGR97KG------------8FNL000300--,WREMGR97KG,Men's Greco-Roman 97kg,Men's Greco-Roman 97kg 1/8 Final,1/8 Final,FINISHED,M,Wrestling,WRE,Champ-de-Mars Arena,1543615,ROUABAH Fadi,Person,ALG,Algeria,0,L,11
2024-08-06T11:59:00+02:00,WREMGR97KG------------8FNL000400--,WREMGR97KG,Men's Greco-Roman 97kg,Men's Greco-Roman 97kg 1/8 Final,1/8 Final,FINISHED,M,Wrestling,WRE,Champ-de-Mars Arena,1558963,LAZOGIANIS Lucas Alexandros,Person,GER,Germany,5,L,12
2024-08-06T11:59:00+02:00,WREMGR97KG------------8FNL000400--,WREMGR97KG,Men's Greco-Roman 97kg,Men's Greco-Roman 97kg 1/8 Final,1/8 Final,FINISHED,M,Wrestling,WRE,Champ-de-Mars Arena,1571504,ROSILLO KINDELAN Gabriel Alejandro,Person,CUB,Cuba,7,W,4
2024-08-06T12:09:25+02:00,WREMGR97KG------------8FNL000500--,WREMGR97KG,Men's Greco-Roman 97kg,Men's Greco-Roman 97kg 1/8 Final,1/8 Final,FINISHED,M,Wrestling,WRE,Champ-de-Mars Arena,1544897,SARAVI Mohammadhadi,Person,IRI,IR Iran,10,W,3
2024-08-06T12:09:25+02:00,WREMGR97KG------------8FNL000500--,WREMGR97KG,Men's Greco-Roman 97kg,Men's Greco-Roman 97kg 1/8 Final,1/8 Final,FINISHED,M,Wrestling,WRE,Champ-de-Mars Arena,1955472,RAU Josef Patrick,Person,USA,United States,1,L,13
2024-08-06T12:20:33+02:00,WREMGR97KG------------8FNL000600--,WREMGR97KG,Men's Greco-Roman 97kg,Men's Greco-Roman 97kg 1/8 Final,1/8 Final,FINISHED,M,Wrestling,WRE,Champ-de-Mars Arena,1566601,DZHUZUPBEKOV Uzur,Person,KGZ,Kyrgyzstan,5,W,14
2024-08-06T12:20:33+02:00,WREMGR97KG------------8FNL000600--,WREMGR97KG,Men's Greco-Roman 97kg,Men's Greco-Roman 97kg 1/8 Final,1/8 Final,FINISHED,M,Wrestling,WRE,Champ-de-Mars Arena,1888962,VENCKAITIS Mindaugas,Person,LTU,Lithuania,1,L,6
2024-08-06T12:31:24+02:00,WREMGR97KG------------8FNL000700--,WREMGR97KG,Men's Greco-Roman 97kg,Men's Greco-Roman 97kg 1/8 Final,1/8 Final,FINISHED,M,Wrestling,WRE,Champ-de-Mars Arena,1956575,KAJAIA Mihail,Person,SRB,Serbia,1,L,7
2024-08-06T12:31:24+02:00,WREMGR97KG------------8FNL000700--,WREMGR97KG,Men's Greco-Roman 97kg,Men's Greco-Roman 97kg 1/8 Final,1/8 Final,FINISHED,M,Wrestling,WRE,Champ-de-Mars Arena,1562695,GABR Mohamed,Person,EGY,Egypt,6,W,15
2024-08-06T12:44:32+02:00,WREMGR97KG------------8FNL000800--,WREMGR97KG,Men's Greco-Roman 97kg,Men's Greco-Roman 97kg 1/8 Final,1/8 Final,FINISHED,M,Wrestling,WRE,Champ-de-Mars Arena,1552444,KOBLIASHVILI Roberti,Person,GEO,Georgia,1,L,16
2024-08-06T12:44:32+02:00,WREMGR97KG------------8FNL000800--,WREMGR97KG,Men's Greco-Roman 97kg,Men's Greco-Roman 97kg 1/8 Final,1/8 Final,FINISHED,M,Wrestling,WRE,Champ-de-Mars Arena,1566702,KHASLAKHANAU Abubakar,Person,AIN,AIN,9,W,2
2024-08-06T12:59:53+02:00,WREMGR97KG------------QFNL000100--,WREMGR97KG,Men's Greco-Roman 97kg,Men's Greco-Roman 97kg 1/4 Final,1/4 Final,FINISHED,M,Wrestling,WRE,Champ-de-Mars Arena,1532872,ALEKSANYAN Artur,Person,ARM,Armenia,9,W,1
2024-08-06T12:59:53+02:00,WREMGR97KG------------QFNL000100--,WREMGR97KG,Men's Greco-Roman 97kg,Men's Greco-Roman 97kg 1/4 Final,1/4 Final,FINISHED,M,Wrestling,WRE,Champ-de-Mars Arena,1562275,ASSAKALOV Rustam,Person,UZB,Uzbekistan,5,L,10
2024-08-06T13:10:53+02:00,WREMGR97KG------------QFNL000200--,WREMGR97KG,Men's Greco-Roman 97kg,Men's Greco-Roman 97kg 1/4 Final,1/4 Final,FINISHED,M,Wrestling,WRE,Champ-de-Mars Arena,1909368,SAVOLAINEN Arvi Martin,Person,FIN,Finland,2,L,5
2024-08-06T13:10:53+02:00,WREMGR97KG------------QFNL000200--,WREMGR97KG,Men's Greco-Roman 97kg,Men's Greco-Roman 97kg 1/4 Final,1/4 Final,FINISHED,M,Wrestling,WRE,Champ-de-Mars Arena,1571504,ROSILLO KINDELAN Gabriel Alejandro,Person,CUB,Cuba,5,W,4
2024-08-06T13:20:09+02:00,WREMGR97KG------------QFNL000300--,WREMGR97KG,Men's Greco-Roman 97kg,Men's Greco-Roman 97kg 1/4 Final,1/4 Final,FINISHED,M,Wrestling,WRE,Champ-de-Mars Arena,1544897,SARAVI Mohammadhadi,Person,IRI,IR Iran,8,W,3
2024-08-06T13:20:09+02:00,WREMGR97KG------------QFNL000300--,WREMGR97KG,Men's Greco-Roman 97kg,Men's Greco-Roman 97kg 1/4 Final,1/4 Final,FINISHED,M,Wrestling,WRE,Champ-de-Mars Arena,1566601,DZHUZUPBEKOV Uzur,Person,KGZ,Kyrgyzstan,0,L,14
2024-08-06T13:35:29+02:00,WREMGR97KG------------QFNL000400--,WREMGR97KG,Men's Greco-Roman 97kg,Men's Greco-Roman 97kg 1/4 Final,1/4 Final,FINISHED,M,Wrestling,WRE,Champ-de-Mars Arena,1562695,GABR Mohamed,Person,EGY,Egypt,4,W,15
2024-08-06T13:35:29+02:00,WREMGR97KG------------QFNL000400--,WREMGR97KG,Men's Greco-Roman 97kg,Men's Greco-Roman 97kg 1/4 Final,1/4 Final,FINISHED,M,Wrestling,WRE,Champ-de-Mars Arena,1566702,KHASLAKHANAU Abubakar,Person,AIN,AIN,1,L,2
2024-08-06T18:50:15+02:00,WREMGR97KG------------SFNL000100--,WREMGR97KG,Men's Greco-Roman 97kg,Men's Greco-Roman 97kg Semifinal,Semifinal,FINISHED,M,Wrestling,WRE,Champ-de-Mars Arena,1532872,ALEKSANYAN Artur,Person,ARM,Armenia,5,W,1
2024-08-06T18:50:15+02:00,WREMGR97KG------------SFNL000100--,WREMGR97KG,Men's Greco-Roman 97kg,Men's Greco-Roman 97kg Semifinal,Semifinal,FINISHED,M,Wrestling,WRE,Champ-de-Mars Arena,1571504,ROSILLO KINDELAN Gabriel Alejandro,Person,CUB,Cuba,3,L,4
2024-08-06T19:04:21+02:00,WREMGR97KG------------SFNL000200--,WREMGR97KG,Men's Greco-Roman 97kg,Men's Greco-Roman 97kg Semifinal,Semifinal,FINISHED,M,Wrestling,WRE,Champ-de-Mars Arena,1544897,SARAVI Mohammadhadi,Person,IRI,IR Iran,6,W,3
2024-08-06T19:04:21+02:00,WREMGR97KG------------SFNL000200--,WREMGR97KG,Men's Greco-Roman 97kg,Men's Greco-Roman 97kg Semifinal,Semifinal,FINISHED,M,Wrestling,WRE,Champ-de-Mars Arena,1562695,GABR Mohamed,Person,EGY,Egypt,0,L,15
2024-08-07T11:12:24+02:00,WREMGR97KG------------REP2000100--,WREMGR97KG,Men's Greco-Roman 97kg,Men's Greco-Roman 97kg Repechage,Repechage,FINISHED,M,Wrestling,WRE,Champ-de-Mars Arena,1891025,KIM Seungjun,Person,KOR,Korea,2,L,9
2024-08-07T11:12:24+02:00,WREMGR97KG------------REP2000100--,WREMGR97KG,Men's Greco-Roman 97kg,Men's Greco-Roman 97kg Repechage,Repechage,FINISHED,M,Wrestling,WRE,Champ-de-Mars Arena,1562275,ASSAKALOV Rustam,Person,UZB,Uzbekistan,8,W,10
2024-08-07T11:25:27+02:00,WREMGR97KG------------REP2000200--,WREMGR97KG,Men's Greco-Roman 97kg,Men's Greco-Roman 97kg Repechage,Repechage,FINISHED,M,Wrestling,WRE,Champ-de-Mars Arena,1955472,RAU Josef Patrick,Person,USA,United States,4,L,13
2024-08-07T11:25:27+02:00,WREMGR97KG------------REP2000200--,WREMGR97KG,Men's Greco-Roman 97kg,Men's Greco-Roman 97kg Repechage,Repechage,FINISHED,M,Wrestling,WRE,Champ-de-Mars Arena,1566601,DZHUZUPBEKOV Uzur,Person,KGZ,Kyrgyzstan,9,W,14
2024-08-07T20:33:42+02:00,WREMGR97KG------------REPF000100--,WREMGR97KG,Men's Greco-Roman 97kg,Men's Greco-Roman 97kg Bronze Medal Match,Bronze Medal Match,FINISHED,M,Wrestling,WRE,Champ-de-Mars Arena,1562275,ASSAKALOV Rustam,Person,UZB,Uzbekistan,0,L,10
2024-08-07T20:33:42+02:00,WREMGR97KG------------REPF000100--,WREMGR97KG,Men's Greco-Roman 97kg,Men's Greco-Roman 97kg Bronze Medal Match,Bronze Medal Match,FINISHED,M,Wrestling,WRE,Champ-de-Mars Arena,1571504,ROSILLO KINDELAN Gabriel Alejandro,Person,CUB,Cuba,2,W,4
2024-08-07T20:49:49+02:00,WREMGR97KG------------REPF000200--,WREMGR97KG,Men's Greco-Roman 97kg,Men's Greco-Roman 97kg Bronze Medal Match,Bronze Medal Match,FINISHED,M,Wrestling,WRE,Champ-de-Mars Arena,1566601,DZHUZUPBEKOV Uzur,Person,KGZ,Kyrgyzstan,2,W,14
2024-08-07T20:49:49+02:00,WREMGR97KG------------REPF000200--,WREMGR97KG,Men's Greco-Roman 97kg,Men's Greco-Roman 97kg Bronze Medal Match,Bronze Medal Match,FINISHED,M,Wrestling,WRE,Champ-de-Mars Arena,1562695,GABR Mohamed,Person,EGY,Egypt,1,L,15
2024-08-07T21:05:01+02:00,WREMGR97KG------------FNL-000100--,WREMGR97KG,Men's Greco-Roman 97kg,Men's Greco-Roman 97kg Final,Final,FINISHED,M,Wrestling,WRE,Champ-de-Mars Arena,1532872,ALEKSANYAN Artur,Person,ARM,Armenia,1,L,1
2024-08-07T21:05:01+02:00,WREMGR97KG------------FNL-000100--,WREMGR97KG,Men's Greco-Roman 97kg,Men's Greco-Roman 97kg Final,Final,FINISHED,M,Wrestling,WRE,Champ-de-Mars Arena,1544897,SARAVI Mohammadhadi,Person,IRI,IR Iran,4,W,3
2024-08-06T11:38:13+02:00,WREWFS50KG------------8FNL000100--,WREWFS50KG,Women's Freestyle 50kg,Women's Freestyle 50kg 1/8 Final,1/8 Final,FINISHED,W,Wrestling,WRE,Champ-de-Mars Arena,1939712,SUSAKI Yui,Person,JPN,Japan,2,L,1
2024-08-06T11:38:13+02:00,WREWFS50KG------------8FNL000100--,WREWFS50KG,Women's Freestyle 50kg,Women's Freestyle 50kg 1/8 Final,1/8 Final,FINISHED,W,Wrestling,WRE,Champ-de-Mars Arena,1932160,VINESH Vinesh,Person,IND,India,3,W,9
2024-08-06T11:48:00+02:00,WREWFS50KG------------8FNL000200--,WREWFS50KG,Women's Freestyle 50kg,Women's Freestyle 50kg 1/8 Final,1/8 Final,FINISHED,W,Wrestling,WRE,Champ-de-Mars Arena,1562527,KEUNIMJAEVA Aktenge,Person,UZB,Uzbekistan,0,L,10
2024-08-06T11:48:00+02:00,WREWFS50KG------------8FNL000200--,WREWFS50KG,Women's Freestyle 50kg,Women's Freestyle 50kg 1/8 Final,1/8 Final,FINISHED,W,Wrestling,WRE,Champ-de-Mars Arena,1897013,LIVACH Oksana,Person,UKR,Ukraine,10,W,8
2024-08-06T11:54:33+02:00,WREWFS50KG------------8FNL000300--,WREWFS50KG,Women's Freestyle 50kg,Women's Freestyle 50kg 1/8 Final,1/8 Final,FINISHED,W,Wrestling,WRE,Champ-de-Mars Arena,1930226,CARDOZO REY Alisson Camila,Person,COL,Colombia,0,L,5
2024-08-06T11:54:33+02:00,WREWFS50KG------------8FNL000300--,WREWFS50KG,Women's Freestyle 50kg,Women's Freestyle 50kg 1/8 Final,1/8 Final,FINISHED,W,Wrestling,WRE,Champ-de-Mars Arena,1924937,DILYTE Gabija,Person,LTU,Lithuania,6,W,11
2024-08-06T12:13:27+02:00,WREWFS50KG------------8FNL000400--,WREWFS50KG,Women's Freestyle 50kg,Women's Freestyle 50kg 1/8 Final,1/8 Final,FINISHED,W,Wrestling,WRE,Champ-de-Mars Arena,1571747,GUZMAN LOPEZ Yusneylis,Person,CUB,Cuba,7,W,12
2024-08-06T12:13:27+02:00,WREWFS50KG------------8FNL000400--,WREWFS50KG,Women's Freestyle 50kg,Women's Freestyle 50kg 1/8 Final,1/8 Final,FINISHED,W,Wrestling,WRE,Champ-de-Mars Arena,1570332,DEMIRHAN YAVUZ Evin,Person,TUR,Türkiye,6,L,4
2024-08-06T12:21:17+02:00,WREWFS50KG------------8FNL000500--,WREWFS50KG,Women's Freestyle 50kg,Women's Freestyle 50kg 1/8 Final,1/8 Final,FINISHED,W,Wrestling,WRE,Champ-de-Mars Arena,1920000,FENG Ziqi,Person,CHN,China,7,W,3
2024-08-06T12:21:17+02:00,WREWFS50KG------------8FNL000500--,WREWFS50KG,Women's Freestyle 50kg,Women's Freestyle 50kg 1/8 Final,1/8 Final,FINISHED,W,Wrestling,WRE,Champ-de-Mars Arena,1902698,MOHAMED Nada,Person,EGY,Egypt,2,L,13
2024-08-06T12:25:31+02:00,WREWFS50KG------------8FNL000600--,WREWFS50KG,Women's Freestyle 50kg,Women's Freestyle 50kg 1/8 Final,1/8 Final,FINISHED,W,Wrestling,WRE,Champ-de-Mars Arena,1544917,DOUDOU Ibtissem,Person,ALG,Algeria,0,L,14
2024-08-06T12:25:31+02:00,WREWFS50KG------------8FNL000600--,WREWFS50KG,Women's Freestyle 50kg,Women's Freestyle 50kg 1/8 Final,1/8 Final,FINISHED,W,Wrestling,WRE,Champ-de-Mars Arena,1955373,HILDEBRANDT Sarah Ann,Person,USA,United States,10,W,6
2024-08-06T12:36:34+02:00,WREWFS50KG------------8FNL000700--,WREWFS50KG,Women's Freestyle 50kg,Women's Freestyle 50kg 1/8 Final,1/8 Final,FINISHED,W,Wrestling,WRE,Champ-de-Mars Arena,1946896,STADNIK Mariya,Person,AZE,Azerbaijan,6,W,7
2024-08-06T12:36:34+02:00,WREWFS50KG------------8FNL000700--,WREWFS50KG,Women's Freestyle 50kg,Women's Freestyle 50kg 1/8 Final,1/8 Final,FINISHED,W,Wrestling,WRE,Champ-de-Mars Arena,1558950,BLAYVAS Anastasia,Person,GER,Germany,2,L,15
2024-08-06T12:38:57+02:00,WREWFS50KG------------8FNL000800--,WREWFS50KG,Women's Freestyle 50kg,Women's Freestyle 50kg 1/8 Final,1/8 Final,FINISHED,W,Wrestling,WRE,Champ-de-Mars Arena,9460001,LIUZZI Emanuela,Person,ITA,Italy,,L,16
2024-08-06T12:38:57+02:00,WREWFS50KG------------8FNL000800--,WREWFS50KG,Women's Freestyle 50kg,Women's Freestyle 50kg 1/8 Final,1/8 Final,FINISHED,W,Wrestling,WRE,Champ-de-Mars Arena,1927912,DOLGORJAV Otgonjargal,Person,MGL,Mongolia,,W,2
2024-08-06T12:51:56+02:00,WREWFS50KG------------QFNL000100--,WREWFS50KG,Women's Freestyle 50kg,Women's Freestyle 50kg 1/4 Final,1/4 Final,FINISHED,W,Wrestling,WRE,Champ-de-Mars Arena,1932160,VINESH Vinesh,Person,IND,India,7,W,9
2024-08-06T12:51:56+02:00,WREWFS50KG------------QFNL000100--,WREWFS50KG,Women's Freestyle 50kg,Women's Freestyle 50kg 1/4 Final,1/4 Final,FINISHED,W,Wrestling,WRE,Champ-de-Mars Arena,1897013,LIVACH Oksana,Person,UKR,Ukraine,5,L,8
2024-08-06T12:58:53+02:00,WREWFS50KG------------QFNL000200--,WREWFS50KG,Women's Freestyle 50kg,Women's Freestyle 50kg 1/4 Final,1/4 Final,FINISHED,W,Wrestling,WRE,Champ-de-Mars Arena,1924937,DILYTE Gabija,Person,LTU,Lithuania,0,L,11
2024-08-06T12:58:53+02:00,WREWFS50KG------------QFNL000200--,WREWFS50KG,Women's Freestyle 50kg,Women's Freestyle 50kg 1/4 Final,1/4 Final,FINISHED,W,Wrestling,WRE,Champ-de-Mars Arena,1571747,GUZMAN LOPEZ Yusneylis,Person,CUB,Cuba,10,W,12
2024-08-06T13:11:38+02:00,WREWFS50KG------------QFNL000300--,WREWFS50KG,Women's Freestyle 50kg,Women's Freestyle 50kg 1/4 Final,1/4 Final,FINISHED,W,Wrestling,WRE,Champ-de-Mars Arena,1920000,FENG Ziqi,Person,CHN,China,4,L,3
2024-08-06T13:11:38+02:00,WREWFS50KG------------QFNL000300--,WREWFS50KG,Women's Freestyle 50kg,Women's Freestyle 50kg 1/4 Final,1/4 Final,FINISHED,W,Wrestling,WRE,Champ-de-Mars Arena,1955373,HILDEBRANDT Sarah Ann,Person,USA,United States,7,W,6
2024-08-06T13:31:05+02:00,WREWFS50KG------------QFNL000400--,WREWFS50KG,Women's Freestyle 50kg,Women's Freestyle 50kg 1/4 Final,1/4 Final,FINISHED,W,Wrestling,WRE,Champ-de-Mars Arena,1946896,STADNIK Mariya,Person,AZE,Azerbaijan,4,L,7
2024-08-06T13:31:05+02:00,WREWFS50KG------------QFNL000400--,WREWFS50KG,Women's Freestyle 50kg,Women's Freestyle 50kg 1/4 Final,1/4 Final,FINISHED,W,Wrestling,WRE,Champ-de-Mars Arena,1927912,DOLGORJAV Otgonjargal,Person,MGL,Mongolia,4,W,2
2024-08-06T19:15:51+02:00,WREWFS50KG------------SFNL000100--,WREWFS50KG,Women's Freestyle 50kg,Women's Freestyle 50kg Semifinal,Semifinal,FINISHED,W,Wrestling,WRE,Champ-de-Mars Arena,1932160,VINESH Vinesh,Person,IND,India,5,W,9
2024-08-06T19:15:51+02:00,WREWFS50KG------------SFNL000100--,WREWFS50KG,Women's Freestyle 50kg,Women's Freestyle 50kg Semifinal,Semifinal,FINISHED,W,Wrestling,WRE,Champ-de-Mars Arena,1571747,GUZMAN LOPEZ Yusneylis,Person,CUB,Cuba,0,L,12
2024-08-06T19:29:15+02:00,WREWFS50KG------------SFNL000200--,WREWFS50KG,Women's Freestyle 50kg,Women's Freestyle 50kg Semifinal,Semifinal,FINISHED,W,Wrestling,WRE,Champ-de-Mars Arena,1955373,HILDEBRANDT Sarah Ann,Person,USA,United States,5,W,6
2024-08-06T19:29:15+02:00,WREWFS50KG------------SFNL000200--,WREWFS50KG,Women's Freestyle 50kg,Women's Freestyle 50kg Semifinal,Semifinal,FINISHED,W,Wrestling,WRE,Champ-de-Mars Arena,1927912,DOLGORJAV Otgonjargal,Person,MGL,Mongolia,0,L,2
2024-08-07T11:08:06+02:00,WREWFS50KG------------REP2000200--,WREWFS50KG,Women's Freestyle 50kg,Women's Freestyle 50kg Repechage,Repechage,FINISHED,W,Wrestling,WRE,Champ-de-Mars Arena,1544917,DOUDOU Ibtissem,Person,ALG,Algeria,0,L,14
2024-08-07T11:08:06+02:00,WREWFS50KG------------REP2000200--,WREWFS50KG,Women's Freestyle 50kg,Women's Freestyle 50kg Repechage,Repechage,FINISHED,W,Wrestling,WRE,Champ-de-Mars Arena,1920000,FENG Ziqi,Person,CHN,China,10,W,3
2024-08-07T21:31:25+02:00,WREWFS50KG------------REPF000100--,WREWFS50KG,Women's Freestyle 50kg,Women's Freestyle 50kg Bronze Medal Match,Bronze Medal Match,FINISHED,W,Wrestling,WRE,Champ-de-Mars Arena,1939712,SUSAKI Yui,Person,JPN,Japan,10,W,1
2024-08-07T21:31:25+02:00,WREWFS50KG------------REPF000100--,WREWFS50KG,Women's Freestyle 50kg,Women's Freestyle 50kg Bronze Medal Match,Bronze Medal Match,FINISHED,W,Wrestling,WRE,Champ-de-Mars Arena,1897013,LIVACH Oksana,Person,UKR,Ukraine,0,L,8
2024-08-07T21:45:10+02:00,WREWFS50KG------------REPF000200--,WREWFS50KG,Women's Freestyle 50kg,Women's Freestyle 50kg Bronze Medal Match,Bronze Medal Match,FINISHED,W,Wrestling,WRE,Champ-de-Mars Arena,1920000,FENG Ziqi,Person,CHN,China,6,W,3
2024-08-07T21:45:10+02:00,WREWFS50KG------------REPF000200--,WREWFS50KG,Women's Freestyle 50kg,Women's Freestyle 50kg Bronze Medal Match,Bronze Medal Match,FINISHED,W,Wrestling,WRE,Champ-de-Mars Arena,1927912,DOLGORJAV Otgonjargal,Person,MGL,Mongolia,4,L,2
2024-08-07T22:01:11+02:00,WREWFS50KG------------FNL-000100--,WREWFS50KG,Women's Freestyle 50kg,Women's Freestyle 50kg Final,Final,FINISHED,W,Wrestling,WRE,Champ-de-Mars Arena,1571747,GUZMAN LOPEZ Yusneylis,Person,CUB,Cuba,0,L,12
2024-08-07T22:01:11+02:00,WREWFS50KG------------FNL-000100--,WREWFS50KG,Women's Freestyle 50kg,Women's Freestyle 50kg Final,Final,FINISHED,W,Wrestling,WRE,Champ-de-Mars Arena,1955373,HILDEBRANDT Sarah Ann,Person,USA,United States,3,W,6
2024-08-07T11:45:33+02:00,WREWFS53KG------------8FNL000100--,WREWFS53KG,Women's Freestyle 53kg,Women's Freestyle 53kg 1/8 Final,1/8 Final,FINISHED,W,Wrestling,WRE,Champ-de-Mars Arena,1960228,YEPEZ GUZMAN Lucia Yamileth,Person,ECU,Ecuador,7,W,1
2024-08-07T11:45:33+02:00,WREWFS53KG------------8FNL000100--,WREWFS53KG,Women's Freestyle 53kg,Women's Freestyle 53kg 1/8 Final,1/8 Final,FINISHED,W,Wrestling,WRE,Champ-de-Mars Arena,1980149,CHOE Hyo Gyong,Person,PRK,DPR Korea,4,L,9
2024-08-07T11:56:58+02:00,WREWFS53KG------------8FNL000200--,WREWFS53KG,Women's Freestyle 53kg,Women's Freestyle 53kg 1/8 Final,1/8 Final,FINISHED,W,Wrestling,WRE,Champ-de-Mars Arena,1572218,DRAGUTAN Mariana,Person,MDA,Republic of Moldova,0,L,10
2024-08-07T11:56:58+02:00,WREWFS53KG------------8FNL000200--,WREWFS53KG,Women's Freestyle 53kg,Women's Freestyle 53kg 1/8 Final,1/8 Final,FINISHED,W,Wrestling,WRE,Champ-de-Mars Arena,1540273,ANA Andreea Beatrice,Person,ROU,Romania,5,W,8
2024-08-07T12:07:10+02:00,WREWFS53KG------------8FNL000300--,WREWFS53KG,Women's Freestyle 53kg,Women's Freestyle 53kg 1/8 Final,1/8 Final,FINISHED,W,Wrestling,WRE,Champ-de-Mars Arena,1963806,PREVOLARAKI Maria,Person,GRE,Greece,2,L,5
2024-08-07T12:07:10+02:00,WREWFS53KG------------8FNL000300--,WREWFS53KG,Women's Freestyle 53kg,Women's Freestyle 53kg 1/8 Final,1/8 Final,FINISHED,W,Wrestling,WRE,Champ-de-Mars Arena,1558949,WENDLE Annika,Person,GER,Germany,3,W,11
2024-08-07T12:11:26+02:00,WREWFS53KG------------8FNL000400--,WREWFS53KG,Women's Freestyle 53kg,Women's Freestyle 53kg 1/8 Final,1/8 Final,FINISHED,W,Wrestling,WRE,Champ-de-Mars Arena,1570364,YETGIL Zeynep,Person,TUR,Türkiye,10,W,12
2024-08-07T12:11:26+02:00,WREWFS53KG------------8FNL000400--,WREWFS53KG,Women's Freestyle 53kg,Women's Freestyle 53kg 1/8 Final,1/8 Final,FINISHED,W,Wrestling,WRE,Champ-de-Mars Arena,1932243,ANTIM Antim,Person,IND,India,0,L,4
2024-08-07T12:16:51+02:00,WREWFS53KG------------8FNL000500--,WREWFS53KG,Women's Freestyle 53kg,Women's Freestyle 53kg 1/8 Final,1/8 Final,FINISHED,W,Wrestling,WRE,Champ-de-Mars Arena,1939711,FUJINAMI Akari,Person,JPN,Japan,6,W,3
2024-08-07T12:16:51+02:00,WREWFS53KG------------8FNL000500--,WREWFS53KG,Women's Freestyle 53kg,Women's Freestyle 53kg 1/8 Final,1/8 Final,FINISHED,W,Wrestling,WRE,Champ-de-Mars Arena,1955462,PARRISH Dominique Olivia,Person,USA,United States,0,L,13
2024-08-07T12:25:33+02:00,WREWFS53KG------------8FNL000600--,WREWFS53KG,Women's Freestyle 53kg,Women's Freestyle 53kg 1/8 Final,1/8 Final,FINISHED,W,Wrestling,WRE,Champ-de-Mars Arena,1927960,BATKHUYAG Khulan,Person,MGL,Mongolia,3,W,14
2024-08-07T12:25:33+02:00,WREWFS53KG------------8FNL000600--,WREWFS53KG,Women's Freestyle 53kg,Women's Freestyle 53kg 1/8 Final,1/8 Final,FINISHED,W,Wrestling,WRE,Champ-de-Mars Arena,1568054,OGUNSANYA Christianah Tolulope,Person,NGR,Nigeria,1,L,6
2024-08-07T12:27:30+02:00,WREWFS53KG------------8FNL000700--,WREWFS53KG,Women's Freestyle 53kg,Women's Freestyle 53kg 1/8 Final,1/8 Final,FINISHED,W,Wrestling,WRE,Champ-de-Mars Arena,1920006,PANG Qianyu,Person,CHN,China,10,W,7
2024-08-07T12:27:30+02:00,WREWFS53KG------------8FNL000700--,WREWFS53KG,Women's Freestyle 53kg,Women's Freestyle 53kg 1/8 Final,1/8 Final,FINISHED,W,Wrestling,WRE,Champ-de-Mars Arena,1565569,AQUINO Mia Lahnee Ramos,Person,GUM,Guam,0,L,15
2024-08-07T12:36:13+02:00,WREWFS53KG------------8FNL000800--,WREWFS53KG,Women's Freestyle 53kg,Women's Freestyle 53kg 1/8 Final,1/8 Final,FINISHED,W,Wrestling,WRE,Champ-de-Mars Arena,1925088,ARGUELLO VILLEGAS Betzabeth Angeli.,Person,VEN,Venezuela,3,L,16
2024-08-07T12:36:13+02:00,WREWFS53KG------------8FNL000800--,WREWFS53KG,Women's Freestyle 53kg,Women's Freestyle 53kg 1/8 Final,1/8 Final,FINISHED,W,Wrestling,WRE,Champ-de-Mars Arena,1544601,MALMGREN Emma Jonna,Person,SWE,Sweden,5,W,2
2024-08-07T12:46:50+02:00,WREWFS53KG------------QFNL000100--,WREWFS53KG,Women's Freestyle 53kg,Women's Freestyle 53kg 1/4 Final,1/4 Final,FINISHED,W,Wrestling,WRE,Champ-de-Mars Arena,1960228,YEPEZ GUZMAN Lucia Yamileth,Person,ECU,Ecuador,7,W,1
2024-08-07T12:46:50+02:00,WREWFS53KG------------QFNL000100--,WREWFS53KG,Women's Freestyle 53kg,Women's Freestyle 53kg 1/4 Final,1/4 Final,FINISHED,W,Wrestling,WRE,Champ-de-Mars Arena,1540273,ANA Andreea Beatrice,Person,ROU,Romania,0,L,8
2024-08-07T12:55:26+02:00,WREWFS53KG------------QFNL000200--,WREWFS53KG,Women's Freestyle 53kg,Women's Freestyle 53kg 1/4 Final,1/4 Final,FINISHED,W,Wrestling,WRE,Champ-de-Mars Arena,1558949,WENDLE Annika,Person,GER,Germany,2,W,11
2024-08-07T12:55:26+02:00,WREWFS53KG------------QFNL000200--,WREWFS53KG,Women's Freestyle 53kg,Women's Freestyle 53kg 1/4 Final,1/4 Final,FINISHED,W,Wrestling,WRE,Champ-de-Mars Arena,1570364,YETGIL Zeynep,Person,TUR,Türkiye,5,L,12
2024-08-07T13:04:08+02:00,WREWFS53KG------------QFNL000300--,WREWFS53KG,Women's Freestyle 53kg,Women's Freestyle 53kg 1/4 Final,1/4 Final,FINISHED,W,Wrestling,WRE,Champ-de-Mars Arena,1939711,FUJINAMI Akari,Person,JPN,Japan,8,W,3
2024-08-07T13:04:08+02:00,WREWFS53KG------------QFNL000300--,WREWFS53KG,Women's Freestyle 53kg,Women's Freestyle 53kg 1/4 Final,1/4 Final,FINISHED,W,Wrestling,WRE,Champ-de-Mars Arena,1927960,BATKHUYAG Khulan,Person,MGL,Mongolia,2,L,14
2024-08-07T13:14:57+02:00,WREWFS53KG------------QFNL000400--,WREWFS53KG,Women's Freestyle 53kg,Women's Freestyle 53kg 1/4 Final,1/4 Final,FINISHED,W,Wrestling,WRE,Champ-de-Mars Arena,1920006,PANG Qianyu,Person,CHN,China,10,W,7
2024-08-07T13:14:57+02:00,WREWFS53KG------------QFNL000400--,WREWFS53KG,Women's Freestyle 53kg,Women's Freestyle 53kg 1/4 Final,1/4 Final,FINISHED,W,Wrestling,WRE,Champ-de-Mars Arena,1544601,MALMGREN Emma Jonna,Person,SWE,Sweden,2,L,2
2024-08-07T19:25:43+02:00,WREWFS53KG------------SFNL000100--,WREWFS53KG,Women's Freestyle 53kg,Women's Freestyle 53kg Semifinal,Semifinal,FINISHED,W,Wrestling,WRE,Champ-de-Mars Arena,1960228,YEPEZ GUZMAN Lucia Yamileth,Person,ECU,Ecuador,10,W,1
2024-08-07T19:25:43+02:00,WREWFS53KG------------SFNL000100--,WREWFS53KG,Women's Freestyle 53kg,Women's Freestyle 53kg Semifinal,Semifinal,FINISHED,W,Wrestling,WRE,Champ-de-Mars Arena,1558949,WENDLE Annika,Person,GER,Germany,0,L,11
2024-08-07T19:35:59+02:00,WREWFS53KG------------SFNL000200--,WREWFS53KG,Women's Freestyle 53kg,Women's Freestyle 53kg Semifinal,Semifinal,FINISHED,W,Wrestling,WRE,Champ-de-Mars Arena,1939711,FUJINAMI Akari,Person,JPN,Japan,10,W,3
2024-08-07T19:35:59+02:00,WREWFS53KG------------SFNL000200--,WREWFS53KG,Women's Freestyle 53kg,Women's Freestyle 53kg Semifinal,Semifinal,FINISHED,W,Wrestling,WRE,Champ-de-Mars Arena,1920006,PANG Qianyu,Person,CHN,China,0,L,7
2024-08-05T15:16:07+02:00,WREWFS68KG------------8FNL000100--,WREWFS68KG,Women's Freestyle 68kg,Women's Freestyle 68kg 1/8 Final,1/8 Final,FINISHED,W,Wrestling,WRE,Champ-de-Mars Arena,1570415,CAVUSOGLU TOSUN Buse,Person,TUR,Türkiye,2,L,1
2024-08-05T15:16:07+02:00,WREWFS68KG------------8FNL000100--,WREWFS68KG,Women's Freestyle 68kg,Women's Freestyle 68kg 1/8 Final,1/8 Final,FINISHED,W,Wrestling,WRE,Champ-de-Mars Arena,1955304,ELOR Amit,Person,USA,United States,10,W,9
2024-08-05T15:25:11+02:00,WREWFS68KG------------8FNL000200--,WREWFS68KG,Women's Freestyle 68kg,Women's Freestyle 68kg 1/8 Final,1/8 Final,FINISHED,W,Wrestling,WRE,Champ-de-Mars Arena,1894298,CHOLUJ Wiktoria,Person,POL,Poland,10,W,10
2024-08-05T15:25:11+02:00,WREWFS68KG------------8FNL000200--,WREWFS68KG,Women's Freestyle 68kg,Women's Freestyle 68kg 1/8 Final,1/8 Final,FINISHED,W,Wrestling,WRE,Champ-de-Mars Arena,1920016,ZHOU Feng,Person,CHN,China,3,L,8
2024-08-05T15:38:43+02:00,WREWFS68KG------------8FNL000300--,WREWFS68KG,Women's Freestyle 68kg,Women's Freestyle 68kg 1/8 Final,1/8 Final,FINISHED,W,Wrestling,WRE,Champ-de-Mars Arena,1897025,SOVA RIZHKO Tetiana,Person,UKR,Ukraine,4,L,5
2024-08-05T15:38:43+02:00,WREWFS68KG------------8FNL000300--,WREWFS68KG,Women's Freestyle 68kg,Women's Freestyle 68kg 1/8 Final,1/8 Final,FINISHED,W,Wrestling,WRE,Champ-de-Mars Arena,1932512,NISHA Nisha,Person,IND,India,6,W,11
2024-08-05T15:51:02+02:00,WREWFS68KG------------8FNL000400--,WREWFS68KG,Women's Freestyle 68kg,Women's Freestyle 68kg 1/8 Final,1/8 Final,FINISHED,W,Wrestling,WRE,Champ-de-Mars Arena,1980152,PAK Sol Gum,Person,PRK,DPR Korea,10,W,12
2024-08-05T15:51:02+02:00,WREWFS68KG------------8FNL000400--,WREWFS68KG,Women's Freestyle 68kg,Women's Freestyle 68kg 1/8 Final,1/8 Final,FINISHED,W,Wrestling,WRE,Champ-de-Mars Arena,1572207,RINGACI Irina,Person,MDA,Republic of Moldova,6,L,4
2024-08-05T16:02:50+02:00,WREWFS68KG------------8FNL000500--,WREWFS68KG,Women's Freestyle 68kg,Women's Freestyle 68kg 1/8 Final,1/8 Final,FINISHED,W,Wrestling,WRE,Champ-de-Mars Arena,1907876,LARROQUE Koumba,Person,FRA,France,6,W,3
2024-08-05T16:02:50+02:00,WREWFS68KG------------8FNL000500--,WREWFS68KG,Women's Freestyle 68kg,Women's Freestyle 68kg 1/8 Final,1/8 Final,FINISHED,W,Wrestling,WRE,Champ-de-Mars Arena,1893623,FORD Tayla Tuahine,Person,NZL,New Zealand,0,L,13
2024-08-05T16:15:10+02:00,WREWFS68KG------------8FNL000600--,WREWFS68KG,Women's Freestyle 68kg,Women's Freestyle 68kg 1/8 Final,1/8 Final,FINISHED,W,Wrestling,WRE,Champ-de-Mars Arena,1967727,MORAIS Linda,Person,CAN,Canada,2,L,14
2024-08-05T16:15:10+02:00,WREWFS68KG------------8FNL000600--,WREWFS68KG,Women's Freestyle 68kg,Women's Freestyle 68kg 1/8 Final,1/8 Final,FINISHED,W,Wrestling,WRE,Champ-de-Mars Arena,1568060,OBORUDUDU Blessing,Person,NGR,Nigeria,8,W,6
2024-08-05T16:17:44+02:00,WREWFS68KG------------8FNL000700--,WREWFS68KG,Women's Freestyle 68kg,Women's Freestyle 68kg 1/8 Final,1/8 Final,FINISHED,W,Wrestling,WRE,Champ-de-Mars Arena,1925091,CARABALLO HERNANDEZ Soleymi Antoni.,Person,VEN,Venezuela,0,L,7
2024-08-05T16:17:44+02:00,WREWFS68KG------------8FNL000700--,WREWFS68KG,Women's Freestyle 68kg,Women's Freestyle 68kg 1/8 Final,1/8 Final,FINISHED,W,Wrestling,WRE,Champ-de-Mars Arena,1939709,OZAKI Nonoka,Person,JPN,Japan,10,W,15
2024-08-05T16:28:39+02:00,WREWFS68KG------------8FNL000800--,WREWFS68KG,Women's Freestyle 68kg,Women's Freestyle 68kg 1/8 Final,1/8 Final,FINISHED,W,Wrestling,WRE,Champ-de-Mars Arena,1568241,ZHUMANAZAROVA Meerim,Person,KGZ,Kyrgyzstan,8,W,16
2024-08-05T16:28:39+02:00,WREWFS68KG------------8FNL000800--,WREWFS68KG,Women's Freestyle 68kg,Women's Freestyle 68kg 1/8 Final,1/8 Final,FINISHED,W,Wrestling,WRE,Champ-de-Mars Arena,1927585,ENKHSAIKHAN Delgermaa,Person,MGL,Mongolia,3,L,2
2024-08-05T16:40:08+02:00,WREWFS68KG------------QFNL000100--,WREWFS68KG,Women's Freestyle 68kg,Women's Freestyle 68kg 1/4 Final,1/4 Final,FINISHED,W,Wrestling,WRE,Champ-de-Mars Arena,1955304,ELOR Amit,Person,USA,United States,8,W,9
2024-08-05T16:40:08+02:00,WREWFS68KG------------QFNL000100--,WREWFS68KG,Women's Freestyle 68kg,Women's Freestyle 68kg 1/4 Final,1/4 Final,FINISHED,W,Wrestling,WRE,Champ-de-Mars Arena,1894298,CHOLUJ Wiktoria,Person,POL,Poland,0,L,10
2024-08-05T16:54:44+02:00,WREWFS68KG------------QFNL000200--,WREWFS68KG,Women's Freestyle 68kg,Women's Freestyle 68kg 1/4 Final,1/4 Final,FINISHED,W,Wrestling,WRE,Champ-de-Mars Arena,1932512,NISHA Nisha,Person,IND,India,8,L,11
2024-08-05T16:54:44+02:00,WREWFS68KG------------QFNL000200--,WREWFS68KG,Women's Freestyle 68kg,Women's Freestyle 68kg 1/4 Final,1/4 Final,FINISHED,W,Wrestling,WRE,Champ-de-Mars Arena,1980152,PAK Sol Gum,Person,PRK,DPR Korea,10,W,12
2024-08-05T17:08:05+02:00,WREWFS68KG------------QFNL000300--,WREWFS68KG,Women's Freestyle 68kg,Women's Freestyle 68kg 1/4 Final,1/4 Final,FINISHED,W,Wrestling,WRE,Champ-de-Mars Arena,1907876,LARROQUE Koumba,Person,FRA,France,2,L,3
2024-08-05T17:08:05+02:00,WREWFS68KG------------QFNL000300--,WREWFS68KG,Women's Freestyle 68kg,Women's Freestyle 68kg 1/4 Final,1/4 Final,FINISHED,W,Wrestling,WRE,Champ-de-Mars Arena,1568060,OBORUDUDU Blessing,Person,NGR,Nigeria,6,W,6
2024-08-05T17:19:01+02:00,WREWFS68KG------------QFNL000400--,WREWFS68KG,Women's Freestyle 68kg,Women's Freestyle 68kg 1/4 Final,1/4 Final,FINISHED,W,Wrestling,WRE,Champ-de-Mars Arena,1939709,OZAKI Nonoka,Person,JPN,Japan,6,L,15
2024-08-05T17:19:01+02:00,WREWFS68KG------------QFNL000400--,WREWFS68KG,Women's Freestyle 68kg,Women's Freestyle 68kg 1/4 Final,1/4 Final,FINISHED,W,Wrestling,WRE,Champ-de-Mars Arena,1568241,ZHUMANAZAROVA Meerim,Person,KGZ,Kyrgyzstan,8,W,16
2024-08-05T21:57:24+02:00,WREWFS68KG------------SFNL000100--,WREWFS68KG,Women's Freestyle 68kg,Women's Freestyle 68kg Semifinal,Semifinal,FINISHED,W,Wrestling,WRE,Champ-de-Mars Arena,1955304,ELOR Amit,Person,USA,United States,10,W,9
2024-08-05T21:57:24+02:00,WREWFS68KG------------SFNL000100--,WREWFS68KG,Women's Freestyle 68kg,Women's Freestyle 68kg Semifinal,Semifinal,FINISHED,W,Wrestling,WRE,Champ-de-Mars Arena,1980152,PAK Sol Gum,Person,PRK,DPR Korea,0,L,12
2024-08-05T22:11:08+02:00,WREWFS68KG------------SFNL000200--,WREWFS68KG,Women's Freestyle 68kg,Women's Freestyle 68kg Semifinal,Semifinal,FINISHED,W,Wrestling,WRE,Champ-de-Mars Arena,1568060,OBORUDUDU Blessing,Person,NGR,Nigeria,1,L,6
2024-08-05T22:11:08+02:00,WREWFS68KG------------SFNL000200--,WREWFS68KG,Women's Freestyle 68kg,Women's Freestyle 68kg Semifinal,Semifinal,FINISHED,W,Wrestling,WRE,Champ-de-Mars Arena,1568241,ZHUMANAZAROVA Meerim,Person,KGZ,Kyrgyzstan,3,W,16
2024-08-06T11:15:36+02:00,WREWFS68KG------------REP2000100--,WREWFS68KG,Women's Freestyle 68kg,Women's Freestyle 68kg Repechage,Repechage,FINISHED,W,Wrestling,WRE,Champ-de-Mars Arena,1570415,CAVUSOGLU TOSUN Buse,Person,TUR,Türkiye,4,W,1
2024-08-06T11:15:36+02:00,WREWFS68KG------------REP2000100--,WREWFS68KG,Women's Freestyle 68kg,Women's Freestyle 68kg Repechage,Repechage,FINISHED,W,Wrestling,WRE,Champ-de-Mars Arena,1894298,CHOLUJ Wiktoria,Person,POL,Poland,3,L,10
2024-08-06T11:25:14+02:00,WREWFS68KG------------REP2000200--,WREWFS68KG,Women's Freestyle 68kg,Women's Freestyle 68kg Repechage,Repechage,FINISHED,W,Wrestling,WRE,Champ-de-Mars Arena,1927585,ENKHSAIKHAN Delgermaa,Person,MGL,Mongolia,0,L,2
2024-08-06T11:25:14+02:00,WREWFS68KG------------REP2000200--,WREWFS68KG,Women's Freestyle 68kg,Women's Freestyle 68kg Repechage,Repechage,FINISHED,W,Wrestling,WRE,Champ-de-Mars Arena,1939709,OZAKI Nonoka,Person,JPN,Japan,6,W,15
2024-08-06T21:38:56+02:00,WREWFS68KG------------REPF000100--,WREWFS68KG,Women's Freestyle 68kg,Women's Freestyle 68kg Bronze Medal Match,Bronze Medal Match,FINISHED,W,Wrestling,WRE,Champ-de-Mars Arena,1570415,CAVUSOGLU TOSUN Buse,Person,TUR,Türkiye,4,W,1
2024-08-06T21:38:56+02:00,WREWFS68KG------------REPF000100--,WREWFS68KG,Women's Freestyle 68kg,Women's Freestyle 68kg Bronze Medal Match,Bronze Medal Match,FINISHED,W,Wrestling,WRE,Champ-de-Mars Arena,1980152,PAK Sol Gum,Person,PRK,DPR Korea,2,L,12
2024-08-06T21:51:12+02:00,WREWFS68KG------------REPF000200--,WREWFS68KG,Women's Freestyle 68kg,Women's Freestyle 68kg Bronze Medal Match,Bronze Medal Match,FINISHED,W,Wrestling,WRE,Champ-de-Mars Arena,1939709,OZAKI Nonoka,Person,JPN,Japan,3,W,15
2024-08-06T21:51:12+02:00,WREWFS68KG------------REPF000200--,WREWFS68KG,Women's Freestyle 68kg,Women's Freestyle 68kg Bronze Medal Match,Bronze Medal Match,FINISHED,W,Wrestling,WRE,Champ-de-Mars Arena,1568060,OBORUDUDU Blessing,Person,NGR,Nigeria,0,L,6
2024-08-06T22:04:51+02:00,WREWFS68KG------------FNL-000100--,WREWFS68KG,Women's Freestyle 68kg,Women's Freestyle 68kg Final,Final,FINISHED,W,Wrestling,WRE,Champ-de-Mars Arena,1955304,ELOR Amit,Person,USA,United States,3,W,9
2024-08-06T22:04:51+02:00,WREWFS68KG------------FNL-000100--,WREWFS68KG,Women's Freestyle 68kg,Women's Freestyle 68kg Final,Final,FINISHED,W,Wrestling,WRE,Champ-de-Mars Arena,1568241,ZHUMANAZAROVA Meerim,Person,KGZ,Kyrgyzstan,0,L,16
